MainVertexSeq,VertexID,X,Y,Z,VertexDepth,MeshScalar
0,7800,0.527843,52.8903,31.173,0,89
0,7800,0.527843,52.8903,31.173,3,89
0,7799,0.0689085,53.2307,30.455,2,79.4
0,7798,0.894786,53.1741,30.2831,1,81.5
0,7564,0.0797927,53.4819,29.637,1,76.1429
0,7816,-0.895551,53.3984,30.3044,1,75
0,8050,-0.379822,53.1149,30.9997,1,79.8
0,7801,1.55675,52.8299,30.8776,2,87.6667
0,7802,1.80985,53.1277,30.0586,1,79.6667
0,7803,2.54435,52.7792,30.5679,1,84
0,8052,1.26187,52.5128,31.6722,1,81.8333
0,8053,2.27401,52.4442,31.3707,1,78
0,8049,-0.47541,52.8651,31.736,2,85.1667
0,8046,-1.19307,53.1769,31.2227,1,81
0,8048,-1.44749,52.9219,32.2018,1,87.1429
0,8051,0.307178,52.5698,32.0035,1,83
0,8332,-0.649271,52.5541,32.5825,1,79.1429
1,7801,1.55675,52.8299,30.8776,0,87.6667
1,7801,1.55675,52.8299,30.8776,3,87.6667
1,7798,0.894786,53.1741,30.2831,2,81.5
1,7799,0.0689085,53.2307,30.455,1,79.4
1,7800,0.527843,52.8903,31.173,1,89
1,7802,1.80985,53.1277,30.0586,1,79.6667
1,7564,0.0797927,53.4819,29.637,1,76.1429
1,7565,1.1408,53.434,29.4346,1,73
1,7803,2.54435,52.7792,30.5679,2,84
1,7804,2.64521,53.0554,29.8907,1,80.2
1,7548,3.55224,52.7763,30.0366,1,85.4286
1,7805,3.32603,52.4512,30.842,1,78.5
1,8053,2.27401,52.4442,31.3707,1,78
1,8052,1.26187,52.5128,31.6722,2,81.8333
1,8051,0.307178,52.5698,32.0035,1,83
1,8316,0.946815,52.1762,32.4629,1,85.8333
1,8320,1.81715,52.0865,32.2232,1,83.6667
2,8040,3.09293,52.1651,31.5087,0,80.8
2,8040,3.09293,52.1651,31.5087,3,80.8
2,8039,3.88649,52.0126,31.317,2,85
2,8041,3.32785,51.7492,32.0722,1,87
2,8042,4.19244,51.4852,31.9753,1,86.5714
2,8043,4.68836,51.7872,31.1606,1,82.6667
2,7805,3.32603,52.4512,30.842,1,78.5
2,7806,4.35639,52.3236,30.4348,1,76.4286
2,8053,2.27401,52.4442,31.3707,2,78
2,7801,1.55675,52.8299,30.8776,1,87.6667
2,7803,2.54435,52.7792,30.5679,1,84
2,8052,1.26187,52.5128,31.6722,1,81.8333
2,8320,1.81715,52.0865,32.2232,1,83.6667
2,8322,2.57836,52.018,32.0075,1,81
3,8041,3.32785,51.7492,32.0722,0,87
3,8041,3.32785,51.7492,32.0722,3,87
3,8040,3.09293,52.1651,31.5087,2,80.8
3,8039,3.88649,52.0126,31.317,1,85
3,7805,3.32603,52.4512,30.842,1,78.5
3,8053,2.27401,52.4442,31.3707,1,78
3,8322,2.57836,52.018,32.0075,1,81
3,8042,4.19244,51.4852,31.9753,2,86.5714
3,8043,4.68836,51.7872,31.1606,1,82.6667
3,8034,5.03414,51.3372,31.624,1,90
3,8311,4.89769,51.0657,32.1317,1,87.2
3,8312,4.35855,50.9267,32.7029,1,83.3333
3,8323,3.50679,51.2967,32.6695,1,81.1667
3,8321,2.49294,51.6102,32.7083,2,85
3,8320,1.81715,52.0865,32.2232,1,83.6667
3,8319,1.42098,51.7342,33.0282,1,88.5714
3,8584,2.05324,51.2957,33.4546,1,88.6667
3,8588,2.92395,51.1028,33.2977,1,84.8333
4,8042,4.19244,51.4852,31.9753,0,86.5714
4,8042,4.19244,51.4852,31.9753,3,86.5714
4,8039,3.88649,52.0126,31.317,2,85
4,8040,3.09293,52.1651,31.5087,1,80.8
4,8041,3.32785,51.7492,32.0722,1,87
4,8043,4.68836,51.7872,31.1606,1,82.6667
4,7805,3.32603,52.4512,30.842,1,78.5
4,7806,4.35639,52.3236,30.4348,1,76.4286
4,8034,5.03414,51.3372,31.624,2,90
4,8033,5.59852,51.3741,31.1195,1,87.8571
4,8035,5.78682,50.8473,31.7611,1,91.7143
4,8311,4.89769,51.0657,32.1317,1,87.2
4,8312,4.35855,50.9267,32.7029,2,83.3333
4,8313,5.13105,50.6692,32.5386,1,85
4,8323,3.50679,51.2967,32.6695,1,81.1667
4,8577,4.83555,50.2616,33.3437,1,84.75
4,8590,3.81404,50.7737,33.2784,1,82.1667
5,8048,-1.44749,52.9219,32.2018,0,87.1429
5,8048,-1.44749,52.9219,32.2018,3,87.1429
5,8047,-1.9696,53.2444,31.488,2,80.2
5,8046,-1.19307,53.1769,31.2227,1,81
5,7815,-1.99209,53.4511,30.6189,1,77
5,8063,-2.93873,53.4279,31.4349,1,78.25
5,8328,-2.29997,53.1487,32.126,1,82.2
5,8049,-0.47541,52.8651,31.736,2,85.1667
5,8050,-0.379822,53.1149,30.9997,1,79.8
5,7800,0.527843,52.8903,31.173,1,89
5,8051,0.307178,52.5698,32.0035,1,83
5,8332,-0.649271,52.5541,32.5825,1,79.1429
5,8330,-2.35651,52.9275,33.0067,2,89.5714
5,8329,-2.95208,53.2431,32.3754,1,81.2
5,8331,-1.53761,52.6289,33.0908,1,86.8333
5,8602,-3.1837,53.1503,33.0688,1,84
5,8604,-3.09906,52.9181,33.9763,1,89.4286
5,8605,-2.26163,52.6237,33.8862,1,87.1667
6,8049,-0.47541,52.8651,31.736,0,85.1667
6,8049,-0.47541,52.8651,31.736,3,85.1667
6,8046,-1.19307,53.1769,31.2227,2,81
6,8047,-1.9696,53.2444,31.488,1,80.2
6,8048,-1.44749,52.9219,32.2018,1,87.1429
6,8050,-0.379822,53.1149,30.9997,1,79.8
6,7815,-1.99209,53.4511,30.6189,1,77
6,7816,-0.895551,53.3984,30.3044,1,75
6,7800,0.527843,52.8903,31.173,2,89
6,7799,0.0689085,53.2307,30.455,1,79.4
6,7798,0.894786,53.1741,30.2831,1,81.5
6,7801,1.55675,52.8299,30.8776,1,87.6667
6,8051,0.307178,52.5698,32.0035,1,83
6,8052,1.26187,52.5128,31.6722,1,81.8333
6,8332,-0.649271,52.5541,32.5825,2,79.1429
6,8331,-1.53761,52.6289,33.0908,1,86.8333
6,8317,0.154169,52.2816,32.6695,1,83.4
6,8594,-0.915591,52.2485,33.4732,1,87.5
6,8598,-0.282544,52.139,33.2338,1,84
7,8053,2.27401,52.4442,31.3707,0,78
7,8053,2.27401,52.4442,31.3707,3,78
7,7801,1.55675,52.8299,30.8776,2,87.6667
7,7798,0.894786,53.1741,30.2831,1,81.5
7,7802,1.80985,53.1277,30.0586,1,79.6667
7,7800,0.527843,52.8903,31.173,1,89
7,7803,2.54435,52.7792,30.5679,1,84
7,8052,1.26187,52.5128,31.6722,1,81.8333
7,7805,3.32603,52.4512,30.842,2,78.5
7,7548,3.55224,52.7763,30.0366,1,85.4286
7,7806,4.35639,52.3236,30.4348,1,76.4286
7,8039,3.88649,52.0126,31.317,1,85
7,8040,3.09293,52.1651,31.5087,1,80.8
7,8320,1.81715,52.0865,32.2232,2,83.6667
7,8319,1.42098,51.7342,33.0282,1,88.5714
7,8316,0.946815,52.1762,32.4629,1,85.8333
7,8321,2.49294,51.6102,32.7083,1,85
7,8322,2.57836,52.018,32.0075,1,81
8,8307,6.36309,49.9597,32.5946,0,84.6667
8,8307,6.36309,49.9597,32.5946,3,84.6667
8,8306,7.12526,49.8292,32.1757,2,90
8,8308,6.81209,49.6558,32.6758,1,89.25
8,8301,7.2611,49.403,32.6776,1,94.4
8,8300,7.98433,49.31,32.2454,1,89.25
8,8028,7.52426,49.9923,31.5989,1,91.8333
8,8036,6.64281,50.3967,31.7203,1,90.1429
8,8314,5.74942,50.3298,32.5483,2,81.3333
8,8313,5.13105,50.6692,32.5386,1,85
8,8035,5.78682,50.8473,31.7611,1,91.7143
8,8577,4.83555,50.2616,33.3437,1,84.75
8,8581,5.74631,49.7943,33.3148,1,84.3333
8,8571,6.5969,49.3924,33.2053,2,89.8571
8,8572,6.17033,49.1597,33.8569,1,87
8,8573,6.92554,48.8461,33.6874,1,91.2
8,8302,7.4715,48.9819,33.0918,1,97.8333
9,8311,4.89769,51.0657,32.1317,0,87.2
9,8311,4.89769,51.0657,32.1317,3,87.2
9,8312,4.35855,50.9267,32.7029,2,83.3333
9,8313,5.13105,50.6692,32.5386,1,85
9,8042,4.19244,51.4852,31.9753,1,86.5714
9,8323,3.50679,51.2967,32.6695,1,81.1667
9,8577,4.83555,50.2616,33.3437,1,84.75
9,8590,3.81404,50.7737,33.2784,1,82.1667
9,8035,5.78682,50.8473,31.7611,2,91.7143
9,8034,5.03414,51.3372,31.624,1,90
9,8033,5.59852,51.3741,31.1195,1,87.8571
9,7787,6.61692,50.9325,30.9192,1,98.7143
9,8036,6.64281,50.3967,31.7203,1,90.1429
9,8314,5.74942,50.3298,32.5483,1,81.3333
10,8313,5.13105,50.6692,32.5386,0,85
10,8313,5.13105,50.6692,32.5386,3,85
10,8312,4.35855,50.9267,32.7029,2,83.3333
10,8311,4.89769,51.0657,32.1317,1,87.2
10,8042,4.19244,51.4852,31.9753,1,86.5714
10,8323,3.50679,51.2967,32.6695,1,81.1667
10,8577,4.83555,50.2616,33.3437,1,84.75
10,8590,3.81404,50.7737,33.2784,1,82.1667
10,8035,5.78682,50.8473,31.7611,2,91.7143
10,8034,5.03414,51.3372,31.624,1,90
10,8033,5.59852,51.3741,31.1195,1,87.8571
10,7787,6.61692,50.9325,30.9192,1,98.7143
10,8036,6.64281,50.3967,31.7203,1,90.1429
10,8314,5.74942,50.3298,32.5483,1,81.3333
11,8314,5.74942,50.3298,32.5483,0,81.3333
11,8314,5.74942,50.3298,32.5483,3,81.3333
11,8313,5.13105,50.6692,32.5386,2,85
11,8312,4.35855,50.9267,32.7029,1,83.3333
11,8311,4.89769,51.0657,32.1317,1,87.2
11,8035,5.78682,50.8473,31.7611,1,91.7143
11,8577,4.83555,50.2616,33.3437,1,84.75
11,8036,6.64281,50.3967,31.7203,2,90.1429
11,7787,6.61692,50.9325,30.9192,1,98.7143
11,7788,7.49593,50.5151,30.7873,1,93
11,8028,7.52426,49.9923,31.5989,1,91.8333
11,8306,7.12526,49.8292,32.1757,1,90
11,8307,6.36309,49.9597,32.5946,1,84.6667
11,8581,5.74631,49.7943,33.3148,2,84.3333
11,8580,5.19106,49.5599,34.1082,1,87.4286
11,8572,6.17033,49.1597,33.8569,1,87
11,8571,6.5969,49.3924,33.2053,1,89.8571
12,8330,-2.35651,52.9275,33.0067,0,89.5714
12,8330,-2.35651,52.9275,33.0067,3,89.5714
12,8329,-2.95208,53.2431,32.3754,2,81.2
12,8328,-2.29997,53.1487,32.126,1,82.2
12,8063,-2.93873,53.4279,31.4349,1,78.25
12,8339,-3.83772,53.4413,32.3996,1,77.875
12,8602,-3.1837,53.1503,33.0688,1,84
12,8048,-1.44749,52.9219,32.2018,2,87.1429
12,8047,-1.9696,53.2444,31.488,1,80.2
12,8046,-1.19307,53.1769,31.2227,1,81
12,8049,-0.47541,52.8651,31.736,1,85.1667
12,8331,-1.53761,52.6289,33.0908,1,86.8333
12,8332,-0.649271,52.5541,32.5825,1,79.1429
12,8604,-3.09906,52.9181,33.9763,2,89.4286
12,8603,-3.78385,53.2538,33.4212,1,81.6
12,8605,-2.26163,52.6237,33.8862,1,87.1667
12,8875,-4.02532,53.1871,34.2368,1,81
12,8876,-3.50231,52.8612,34.992,1,88.1667
12,8877,-2.68963,52.5414,34.8441,1,85
13,8566,8.32299,48.0228,33.7411,0,85
13,8566,8.32299,48.0228,33.7411,3,85
13,8565,8.78937,48.1724,33.2292,2,89.8
13,8567,9.02646,47.747,33.6184,1,85
13,8296,9.50482,47.9354,33.054,1,92.3333
13,8295,9.05985,48.408,32.7296,1,94.2
13,8303,8.22565,48.6505,32.9838,1,94.2857
13,8574,7.60229,48.4259,33.7344,2,85
13,8573,6.92554,48.8461,33.6874,1,91.2
13,8302,7.4715,48.9819,33.0918,1,97.8333
13,8844,6.86242,48.3415,34.4084,1,85.75
13,8848,7.81654,47.8156,34.3655,1,82
13,8837,8.86408,47.3401,34.2333,2,82.375
13,8838,8.18715,47.2121,34.8381,1,82.3333
13,8839,8.81014,46.9106,34.7737,1,80.75
13,8840,9.41131,46.6143,34.7437,1,79
13,8841,9.86247,46.825,34.2193,1,80.5
13,8568,9.65047,47.3961,33.6511,1,81.5
14,8571,6.5969,49.3924,33.2053,0,89.8571
14,8571,6.5969,49.3924,33.2053,3,89.8571
14,8572,6.17033,49.1597,33.8569,2,87
14,8573,6.92554,48.8461,33.6874,1,91.2
14,8581,5.74631,49.7943,33.3148,1,84.3333
14,8580,5.19106,49.5599,34.1082,1,87.4286
14,8844,6.86242,48.3415,34.4084,1,85.75
14,8851,5.90253,48.9278,34.4,1,87.5
14,8302,7.4715,48.9819,33.0918,2,97.8333
14,8301,7.2611,49.403,32.6776,1,94.4
14,8300,7.98433,49.31,32.2454,1,89.25
14,8303,8.22565,48.6505,32.9838,1,94.2857
14,8574,7.60229,48.4259,33.7344,1,85
14,8307,6.36309,49.9597,32.5946,2,84.6667
14,8306,7.12526,49.8292,32.1757,1,90
14,8308,6.81209,49.6558,32.6758,1,89.25
14,8036,6.64281,50.3967,31.7203,1,90.1429
14,8314,5.74942,50.3298,32.5483,1,81.3333
15,8573,6.92554,48.8461,33.6874,0,91.2
15,8573,6.92554,48.8461,33.6874,3,91.2
15,8572,6.17033,49.1597,33.8569,2,87
15,8571,6.5969,49.3924,33.2053,1,89.8571
15,8581,5.74631,49.7943,33.3148,1,84.3333
15,8580,5.19106,49.5599,34.1082,1,87.4286
15,8844,6.86242,48.3415,34.4084,1,85.75
15,8851,5.90253,48.9278,34.4,1,87.5
15,8302,7.4715,48.9819,33.0918,2,97.8333
15,8301,7.2611,49.403,32.6776,1,94.4
15,8300,7.98433,49.31,32.2454,1,89.25
15,8303,8.22565,48.6505,32.9838,1,94.2857
15,8574,7.60229,48.4259,33.7344,1,85
16,8574,7.60229,48.4259,33.7344,0,85
16,8574,7.60229,48.4259,33.7344,3,85
16,8573,6.92554,48.8461,33.6874,2,91.2
16,8572,6.17033,49.1597,33.8569,1,87
16,8571,6.5969,49.3924,33.2053,1,89.8571
16,8302,7.4715,48.9819,33.0918,1,97.8333
16,8844,6.86242,48.3415,34.4084,1,85.75
16,8303,8.22565,48.6505,32.9838,2,94.2857
16,8300,7.98433,49.31,32.2454,1,89.25
16,8304,8.85978,48.8476,32.2572,1,90.3333
16,8295,9.05985,48.408,32.7296,1,94.2
16,8565,8.78937,48.1724,33.2292,1,89.8
16,8566,8.32299,48.0228,33.7411,1,85
16,8848,7.81654,47.8156,34.3655,2,82
16,8847,7.28282,47.5538,35.0928,1,84.8571
16,8838,8.18715,47.2121,34.8381,1,82.3333
16,8837,8.86408,47.3401,34.2333,1,82.375
17,8604,-3.09906,52.9181,33.9763,0,89.4286
17,8604,-3.09906,52.9181,33.9763,3,89.4286
17,8603,-3.78385,53.2538,33.4212,2,81.6
17,8602,-3.1837,53.1503,33.0688,1,84
17,8339,-3.83772,53.4413,32.3996,1,77.875
17,8611,-4.60767,53.4898,33.4214,1,78.5714
17,8875,-4.02532,53.1871,34.2368,1,81
17,8330,-2.35651,52.9275,33.0067,2,89.5714
17,8329,-2.95208,53.2431,32.3754,1,81.2
17,8328,-2.29997,53.1487,32.126,1,82.2
17,8048,-1.44749,52.9219,32.2018,1,87.1429
17,8331,-1.53761,52.6289,33.0908,1,86.8333
17,8605,-2.26163,52.6237,33.8862,1,87.1667
17,8876,-3.50231,52.8612,34.992,2,88.1667
17,8877,-2.68963,52.5414,34.8441,1,85
17,9155,-4.21166,53.122,35.0835,1,82.6
17,9157,-3.97291,52.8982,36.0288,1,86.8571
17,9158,-3.17261,52.5725,35.8316,1,82.5
18,8837,8.86408,47.3401,34.2333,0,82.375
18,8837,8.86408,47.3401,34.2333,3,82.375
18,8838,8.18715,47.2121,34.8381,2,82.3333
18,8839,8.81014,46.9106,34.7737,1,80.75
18,8848,7.81654,47.8156,34.3655,1,82
18,8847,7.28282,47.5538,35.0928,1,84.8571
18,9111,8.83078,46.4609,35.2774,1,76.75
18,9117,7.98508,46.8671,35.3806,1,80.1667
18,8840,9.41131,46.6143,34.7437,2,79
18,8841,9.86247,46.825,34.2193,1,80.5
18,8830,10.1839,46.206,34.7548,1,77.8333
18,9115,9.74537,46.004,35.2445,1,74
18,8566,8.32299,48.0228,33.7411,2,85
18,8565,8.78937,48.1724,33.2292,1,89.8
18,8567,9.02646,47.747,33.6184,1,85
18,8303,8.22565,48.6505,32.9838,1,94.2857
18,8574,7.60229,48.4259,33.7344,1,85
18,8568,9.65047,47.3961,33.6511,2,81.5
18,8296,9.50482,47.9354,33.054,1,92.3333
18,8297,10.2355,47.6313,32.9601,1,90.4286
18,8560,10.3467,47.0231,33.6692,1,83
19,8840,9.41131,46.6143,34.7437,0,79
19,8840,9.41131,46.6143,34.7437,3,79
19,8837,8.86408,47.3401,34.2333,2,82.375
19,8838,8.18715,47.2121,34.8381,1,82.3333
19,8839,8.81014,46.9106,34.7737,1,80.75
19,8841,9.86247,46.825,34.2193,1,80.5
19,8848,7.81654,47.8156,34.3655,1,82
19,8566,8.32299,48.0228,33.7411,1,85
19,8567,9.02646,47.747,33.6184,1,85
19,8568,9.65047,47.3961,33.6511,1,81.5
19,8830,10.1839,46.206,34.7548,2,77.8333
19,8829,10.8124,46.363,34.1796,1,81.75
19,8831,10.7329,45.9195,34.764,1,81
19,9102,10.7043,45.4309,35.3501,1,75.25
19,9115,9.74537,46.004,35.2445,1,74
19,9111,8.83078,46.4609,35.2774,2,76.75
19,9112,8.36548,46.2284,35.8352,1,77
19,9113,8.82946,45.993,35.7907,1,75
19,9114,9.32348,45.7865,35.7282,1,72.8333
19,9117,7.98508,46.8671,35.3806,1,80.1667
20,8875,-4.02532,53.1871,34.2368,0,81
20,8875,-4.02532,53.1871,34.2368,3,81
20,8604,-3.09906,52.9181,33.9763,2,89.4286
20,8603,-3.78385,53.2538,33.4212,1,81.6
20,8602,-3.1837,53.1503,33.0688,1,84
20,8330,-2.35651,52.9275,33.0067,1,89.5714
20,8605,-2.26163,52.6237,33.8862,1,87.1667
20,8876,-3.50231,52.8612,34.992,1,88.1667
20,8877,-2.68963,52.5414,34.8441,1,85
20,8611,-4.60767,53.4898,33.4214,2,78.5714
20,8337,-5.45397,53.7627,32.8179,1,82.1667
20,8338,-4.73879,53.6252,32.4712,1,79.8
20,8610,-5.50708,53.7032,33.7667,1,82.1667
20,8339,-3.83772,53.4413,32.3996,1,77.875
20,8885,-4.89989,53.436,34.5657,1,77.8571
20,9155,-4.21166,53.122,35.0835,2,82.6
20,9156,-4.70299,53.244,35.5585,1,81
20,9157,-3.97291,52.8982,36.0288,1,86.8571
21,8885,-4.89989,53.436,34.5657,0,77.8571
21,8885,-4.89989,53.436,34.5657,3,77.8571
21,8610,-5.50708,53.7032,33.7667,2,82.1667
21,8336,-6.26612,53.9578,33.0811,1,85
21,8337,-5.45397,53.7627,32.8179,1,82.1667
21,8609,-6.36973,53.9281,34.054,1,84.3333
21,8611,-4.60767,53.4898,33.4214,1,78.5714
21,8884,-5.72241,53.6881,34.6628,1,81.4
21,8875,-4.02532,53.1871,34.2368,2,81
21,8604,-3.09906,52.9181,33.9763,1,89.4286
21,8876,-3.50231,52.8612,34.992,1,88.1667
21,8603,-3.78385,53.2538,33.4212,1,81.6
21,9155,-4.21166,53.122,35.0835,1,82.6
21,9156,-4.70299,53.244,35.5585,2,81
21,9157,-3.97291,52.8982,36.0288,1,86.8571
21,9165,-5.47067,53.5162,35.5941,1,77.4286
21,9425,-4.78948,53.1846,36.428,1,79.1667
22,9103,10.0122,45.4728,35.6904,0,75.2
22,9103,10.0122,45.4728,35.6904,3,75.2
22,9102,10.7043,45.4309,35.3501,2,75.25
22,9104,10.4474,44.946,36.051,1,75.6667
22,9105,11.4614,44.6664,35.8067,1,73.125
22,9106,11.555,45.1466,35.1693,1,73.6
22,9115,9.74537,46.004,35.2445,1,74
22,8830,10.1839,46.206,34.7548,1,77.8333
22,8831,10.7329,45.9195,34.764,1,81
22,8832,11.25,45.6867,34.7189,1,77.5
22,9114,9.32348,45.7865,35.7282,2,72.8333
22,9111,8.83078,46.4609,35.2774,1,76.75
22,9113,8.82946,45.993,35.7907,1,75
22,9384,8.82908,45.5404,36.306,1,71.625
22,9388,9.63022,45.2663,36.137,1,69.6
23,9104,10.4474,44.946,36.051,0,75.6667
23,9104,10.4474,44.946,36.051,3,75.6667
23,9103,10.0122,45.4728,35.6904,2,75.2
23,9102,10.7043,45.4309,35.3501,1,75.25
23,9115,9.74537,46.004,35.2445,1,74
23,9114,9.32348,45.7865,35.7282,1,72.8333
23,9388,9.63022,45.2663,36.137,1,69.6
23,9105,11.4614,44.6664,35.8067,2,73.125
23,9106,11.555,45.1466,35.1693,1,73.6
23,8826,12.457,44.8062,34.9627,1,83.1429
23,9107,12.538,44.3157,35.5632,1,68.6667
23,9376,12.0662,44.1024,36.1693,1,70.5
23,9377,11.3735,44.0577,36.6044,1,68.3333
23,9389,10.6207,44.4019,36.5855,1,66.8333
23,9387,9.66408,44.7818,36.66,2,69.5714
23,9384,8.82908,45.5404,36.306,1,71.625
23,9386,8.94066,45.036,36.7799,1,70.75
23,9650,8.86249,44.596,37.2934,1,66.25
23,9654,9.9282,44.152,37.2062,1,66.5
24,9115,9.74537,46.004,35.2445,0,74
24,9115,9.74537,46.004,35.2445,3,74
24,9114,9.32348,45.7865,35.7282,2,72.8333
24,9111,8.83078,46.4609,35.2774,1,76.75
24,9113,8.82946,45.993,35.7907,1,75
24,9103,10.0122,45.4728,35.6904,1,75.2
24,9384,8.82908,45.5404,36.306,1,71.625
24,9388,9.63022,45.2663,36.137,1,69.6
24,9102,10.7043,45.4309,35.3501,2,75.25
24,9104,10.4474,44.946,36.051,1,75.6667
24,9105,11.4614,44.6664,35.8067,1,73.125
24,9106,11.555,45.1466,35.1693,1,73.6
24,8830,10.1839,46.206,34.7548,1,77.8333
24,8831,10.7329,45.9195,34.764,1,81
24,8832,11.25,45.6867,34.7189,1,77.5
24,8840,9.41131,46.6143,34.7437,2,79
24,8837,8.86408,47.3401,34.2333,1,82.375
24,8841,9.86247,46.825,34.2193,1,80.5
24,8839,8.81014,46.9106,34.7737,1,80.75
25,9164,-6.16326,53.7065,36.0806,0,82.4
25,9164,-6.16326,53.7065,36.0806,3,82.4
25,9163,-6.99927,53.964,36.0964,2,79.8571
25,9162,-7.81541,54.2225,35.5238,1,73.6
25,9161,-7.26368,54.1076,35.1264,1,76.4
25,8883,-6.4388,53.8669,35.1424,1,82.7143
25,9432,-7.91772,54.1925,36.3588,1,72.6667
25,9433,-7.18609,53.9466,37.1296,1,78.3333
25,9434,-6.35518,53.7024,36.9588,1,80.5
25,9165,-5.47067,53.5162,35.5941,2,77.4286
25,8884,-5.72241,53.6881,34.6628,1,81.4
25,8885,-4.89989,53.436,34.5657,1,77.8571
25,9156,-4.70299,53.244,35.5585,1,81
25,9435,-5.54186,53.4444,36.7028,1,77.1667
25,9425,-4.78948,53.1846,36.428,1,79.1667
26,9165,-5.47067,53.5162,35.5941,0,77.4286
26,9165,-5.47067,53.5162,35.5941,3,77.4286
26,8883,-6.4388,53.8669,35.1424,2,82.7143
26,8882,-7.18573,54.1374,34.2744,1,76.6667
26,8609,-6.36973,53.9281,34.054,1,84.3333
26,8884,-5.72241,53.6881,34.6628,1,81.4
26,9161,-7.26368,54.1076,35.1264,1,76.4
26,9163,-6.99927,53.964,36.0964,1,79.8571
26,9164,-6.16326,53.7065,36.0806,1,82.4
26,8885,-4.89989,53.436,34.5657,2,77.8571
26,8610,-5.50708,53.7032,33.7667,1,82.1667
26,8611,-4.60767,53.4898,33.4214,1,78.5714
26,8875,-4.02532,53.1871,34.2368,1,81
26,9155,-4.21166,53.122,35.0835,1,82.6
26,9156,-4.70299,53.244,35.5585,1,81
26,9435,-5.54186,53.4444,36.7028,2,77.1667
26,9434,-6.35518,53.7024,36.9588,1,80.5
26,9425,-4.78948,53.1846,36.428,1,79.1667
26,9711,-5.68272,53.4221,37.691,1,74.6667
26,9703,-4.89834,53.1473,37.4249,1,76.1667
27,9389,10.6207,44.4019,36.5855,0,66.8333
27,9389,10.6207,44.4019,36.5855,3,66.8333
27,9387,9.66408,44.7818,36.66,2,69.5714
27,9384,8.82908,45.5404,36.306,1,71.625
27,9388,9.63022,45.2663,36.137,1,69.6
27,9386,8.94066,45.036,36.7799,1,70.75
27,9104,10.4474,44.946,36.051,1,75.6667
27,9650,8.86249,44.596,37.2934,1,66.25
27,9654,9.9282,44.152,37.2062,1,66.5
27,9105,11.4614,44.6664,35.8067,2,73.125
27,9102,10.7043,45.4309,35.3501,1,75.25
27,9106,11.555,45.1466,35.1693,1,73.6
27,8826,12.457,44.8062,34.9627,1,83.1429
27,9107,12.538,44.3157,35.5632,1,68.6667
27,9376,12.0662,44.1024,36.1693,1,70.5
27,9377,11.3735,44.0577,36.6044,1,68.3333
27,9656,10.8643,43.7542,37.1948,2,67.3333
27,9655,10.3039,43.4622,37.7366,1,65.8333
27,9642,11.1935,43.088,37.7346,1,66.6667
27,9641,11.7994,43.3351,37.208,1,67.625
28,9433,-7.18609,53.9466,37.1296,0,78.3333
28,9433,-7.18609,53.9466,37.1296,3,78.3333
28,9432,-7.91772,54.1925,36.3588,2,72.6667
28,9163,-6.99927,53.964,36.0964,1,79.8571
28,9162,-7.81541,54.2225,35.5238,1,73.6
28,9196,-8.70226,54.4101,35.4026,1,72
28,9463,-8.8032,54.3795,36.4614,1,70.8333
28,9708,-8.04619,54.1665,37.3194,1,72.5
28,9434,-6.35518,53.7024,36.9588,2,80.5
28,9164,-6.16326,53.7065,36.0806,1,82.4
28,9435,-5.54186,53.4444,36.7028,1,77.1667
28,9710,-6.49828,53.6815,37.9133,1,77.3333
28,9711,-5.68272,53.4221,37.691,1,74.6667
28,9709,-7.33783,53.9199,38.1288,2,76.5
28,9982,-8.19376,54.1375,38.2723,1,70
28,9983,-7.52043,53.884,39.1535,1,73.7143
28,9984,-6.64425,53.6562,38.855,1,75.1667
29,9434,-6.35518,53.7024,36.9588,0,80.5
29,9434,-6.35518,53.7024,36.9588,3,80.5
29,9163,-6.99927,53.964,36.0964,2,79.8571
29,9162,-7.81541,54.2225,35.5238,1,73.6
29,9161,-7.26368,54.1076,35.1264,1,76.4
29,8883,-6.4388,53.8669,35.1424,1,82.7143
29,9164,-6.16326,53.7065,36.0806,1,82.4
29,9432,-7.91772,54.1925,36.3588,1,72.6667
29,9433,-7.18609,53.9466,37.1296,1,78.3333
29,9435,-5.54186,53.4444,36.7028,2,77.1667
29,9165,-5.47067,53.5162,35.5941,1,77.4286
29,9425,-4.78948,53.1846,36.428,1,79.1667
29,9711,-5.68272,53.4221,37.691,1,74.6667
29,9703,-4.89834,53.1473,37.4249,1,76.1667
29,9710,-6.49828,53.6815,37.9133,2,77.3333
29,9709,-7.33783,53.9199,38.1288,1,76.5
29,9984,-6.64425,53.6562,38.855,1,75.1667
29,9985,-5.81919,53.4006,38.6726,1,73.3333
30,9642,11.1935,43.088,37.7346,0,66.6667
30,9642,11.1935,43.088,37.7346,3,66.6667
30,9641,11.7994,43.3351,37.208,2,67.625
30,9643,11.8756,42.8146,37.7084,1,66.75
30,9644,12.5967,42.5546,37.5929,1,65.7143
30,9645,12.6259,43.0599,37.0733,1,66.8
30,9656,10.8643,43.7542,37.1948,1,67.3333
30,9377,11.3735,44.0577,36.6044,1,68.3333
30,9378,11.8968,43.7712,36.6835,1,69.75
30,9379,12.3839,43.5542,36.6622,1,68.1667
30,9655,10.3039,43.4622,37.7366,2,65.8333
30,9654,9.9282,44.152,37.2062,1,66.5
30,9653,9.4252,43.8093,37.77,1,66
30,9922,9.72831,43.1343,38.2576,1,66
30,9924,10.7258,42.7789,38.2048,1,64
30,9911,11.8247,42.2725,38.2053,2,64.125
30,9912,11.0088,42.1823,38.5995,1,61.4
30,9913,11.532,41.6696,38.7979,1,61
30,9914,12.2675,41.4499,38.6732,1,60.8333
30,9915,12.8816,41.7994,38.1238,1,63.1429
31,9656,10.8643,43.7542,37.1948,0,67.3333
31,9656,10.8643,43.7542,37.1948,3,67.3333
31,9655,10.3039,43.4622,37.7366,2,65.8333
31,9654,9.9282,44.152,37.2062,1,66.5
31,9653,9.4252,43.8093,37.77,1,66
31,9642,11.1935,43.088,37.7346,1,66.6667
31,9922,9.72831,43.1343,38.2576,1,66
31,9924,10.7258,42.7789,38.2048,1,64
31,9641,11.7994,43.3351,37.208,2,67.625
31,9643,11.8756,42.8146,37.7084,1,66.75
31,9644,12.5967,42.5546,37.5929,1,65.7143
31,9645,12.6259,43.0599,37.0733,1,66.8
31,9377,11.3735,44.0577,36.6044,1,68.3333
31,9378,11.8968,43.7712,36.6835,1,69.75
31,9379,12.3839,43.5542,36.6622,1,68.1667
31,9389,10.6207,44.4019,36.5855,2,66.8333
31,9387,9.66408,44.7818,36.66,1,69.5714
31,9104,10.4474,44.946,36.051,1,75.6667
31,9105,11.4614,44.6664,35.8067,1,73.125
32,9708,-8.04619,54.1665,37.3194,0,72.5
32,9708,-8.04619,54.1665,37.3194,3,72.5
32,9433,-7.18609,53.9466,37.1296,2,78.3333
32,9432,-7.91772,54.1925,36.3588,1,72.6667
32,9163,-6.99927,53.964,36.0964,1,79.8571
32,9434,-6.35518,53.7024,36.9588,1,80.5
32,9709,-7.33783,53.9199,38.1288,1,76.5
32,9710,-6.49828,53.6815,37.9133,1,77.3333
32,9463,-8.8032,54.3795,36.4614,2,70.8333
32,9195,-9.63202,54.5387,35.6075,1,70.6667
32,9196,-8.70226,54.4101,35.4026,1,72
32,9462,-9.69394,54.5168,36.5888,1,68.5
32,9738,-8.91968,54.3516,37.4736,1,69.6667
32,9982,-8.19376,54.1375,38.2723,2,70
32,9983,-7.52043,53.884,39.1535,1,73.7143
32,10019,-9.11517,54.3206,38.4862,1,67
32,10312,-8.32438,54.0982,39.1073,1,67
33,9923,10.1809,42.431,38.6758,0,61.1667
33,9923,10.1809,42.431,38.6758,3,61.1667
33,9922,9.72831,43.1343,38.2576,2,66
33,9921,9.24492,42.7162,38.7476,1,62.3333
33,9918,8.67468,43.5521,38.313,1,65.75
33,9924,10.7258,42.7789,38.2048,1,64
33,9653,9.4252,43.8093,37.77,1,66
33,9655,10.3039,43.4622,37.7366,1,65.8333
33,9912,11.0088,42.1823,38.5995,2,61.4
33,9911,11.8247,42.2725,38.2053,1,64.125
33,9913,11.532,41.6696,38.7979,1,61
33,10197,10.6969,41.6443,39.0832,1,58.4286
33,10196,9.72138,42.0567,39.0819,2,59.4
33,10179,9.80328,41.4214,39.471,1,61.4286
33,10195,8.74184,42.1203,39.3022,1,60.625
34,9924,10.7258,42.7789,38.2048,0,64
34,9924,10.7258,42.7789,38.2048,3,64
34,9923,10.1809,42.431,38.6758,2,61.1667
34,9922,9.72831,43.1343,38.2576,1,66
34,9921,9.24492,42.7162,38.7476,1,62.3333
34,9912,11.0088,42.1823,38.5995,1,61.4
34,10196,9.72138,42.0567,39.0819,1,59.4
34,10197,10.6969,41.6443,39.0832,1,58.4286
34,9911,11.8247,42.2725,38.2053,2,64.125
34,9913,11.532,41.6696,38.7979,1,61
34,9914,12.2675,41.4499,38.6732,1,60.8333
34,9915,12.8816,41.7994,38.1238,1,63.1429
34,9642,11.1935,43.088,37.7346,1,66.6667
34,9643,11.8756,42.8146,37.7084,1,66.75
34,9644,12.5967,42.5546,37.5929,1,65.7143
34,9655,10.3039,43.4622,37.7366,2,65.8333
34,9654,9.9282,44.152,37.2062,1,66.5
34,9656,10.8643,43.7542,37.1948,1,67.3333
34,9653,9.4252,43.8093,37.77,1,66
35,9982,-8.19376,54.1375,38.2723,0,70
35,9982,-8.19376,54.1375,38.2723,3,70
35,9709,-7.33783,53.9199,38.1288,2,76.5
35,9708,-8.04619,54.1665,37.3194,1,72.5
35,9433,-7.18609,53.9466,37.1296,1,78.3333
35,9710,-6.49828,53.6815,37.9133,1,77.3333
35,9983,-7.52043,53.884,39.1535,1,73.7143
35,9984,-6.64425,53.6562,38.855,1,75.1667
35,9738,-8.91968,54.3516,37.4736,2,69.6667
35,9462,-9.69394,54.5168,36.5888,1,68.5
35,9463,-8.8032,54.3795,36.4614,1,70.8333
35,9737,-9.79602,54.4941,37.5322,1,67.3333
35,10019,-9.11517,54.3206,38.4862,1,67
35,10312,-8.32438,54.0982,39.1073,2,67
35,10313,-8.90141,54.1865,39.4523,1,65.6
35,10314,-8.13078,53.9362,40.0731,1,69.5714
36,10179,9.80328,41.4214,39.471,0,61.4286
36,10179,9.80328,41.4214,39.471,3,61.4286
36,10180,8.95193,41.3617,39.7055,2,59
36,10181,9.45475,40.8578,39.8857,1,59.2
36,10195,8.74184,42.1203,39.3022,1,60.625
36,10194,8.18324,41.5004,39.8068,1,57.8333
36,10507,8.62287,40.7145,40.1419,1,56.7143
36,10182,10.2541,40.6173,39.8425,2,58.5
36,10183,10.7599,41.0099,39.4779,1,60.8
36,10184,11.1607,40.3279,39.7725,1,57.6667
36,10498,9.62571,40.2108,40.2108,1,56.3333
36,10499,10.6009,39.864,40.184,1,55.5
36,10196,9.72138,42.0567,39.0819,2,59.4
36,10197,10.6969,41.6443,39.0832,1,58.4286
36,9921,9.24492,42.7162,38.7476,1,62.3333
36,9923,10.1809,42.431,38.6758,1,61.1667
37,10181,9.45475,40.8578,39.8857,0,59.2
37,10181,9.45475,40.8578,39.8857,3,59.2
37,10180,8.95193,41.3617,39.7055,2,59
37,10179,9.80328,41.4214,39.471,1,61.4286
37,10195,8.74184,42.1203,39.3022,1,60.625
37,10194,8.18324,41.5004,39.8068,1,57.8333
37,10507,8.62287,40.7145,40.1419,1,56.7143
37,10182,10.2541,40.6173,39.8425,2,58.5
37,10183,10.7599,41.0099,39.4779,1,60.8
37,10184,11.1607,40.3279,39.7725,1,57.6667
37,10498,9.62571,40.2108,40.2108,1,56.3333
37,10499,10.6009,39.864,40.184,1,55.5
38,10196,9.72138,42.0567,39.0819,0,59.4
38,10196,9.72138,42.0567,39.0819,3,59.4
38,10179,9.80328,41.4214,39.471,2,61.4286
38,10180,8.95193,41.3617,39.7055,1,59
38,10181,9.45475,40.8578,39.8857,1,59.2
38,10182,10.2541,40.6173,39.8425,1,58.5
38,10183,10.7599,41.0099,39.4779,1,60.8
38,10195,8.74184,42.1203,39.3022,1,60.625
38,10197,10.6969,41.6443,39.0832,1,58.4286
38,9921,9.24492,42.7162,38.7476,2,62.3333
38,9918,8.67468,43.5521,38.313,1,65.75
38,9922,9.72831,43.1343,38.2576,1,66
38,9920,8.47795,42.8916,38.8687,1,62.8
38,9923,10.1809,42.431,38.6758,1,61.1667
39,10312,-8.32438,54.0982,39.1073,0,67
39,10312,-8.32438,54.0982,39.1073,3,67
39,10313,-8.90141,54.1865,39.4523,2,65.6
39,10314,-8.13078,53.9362,40.0731,1,69.5714
39,10019,-9.11517,54.3206,38.4862,1,67
39,10326,-9.79356,54.3508,39.29,1,64.2857
39,10608,-9.0762,54.1153,40.2053,1,63.8333
39,9983,-7.52043,53.884,39.1535,2,73.7143
39,9982,-8.19376,54.1375,38.2723,1,70
39,9709,-7.33783,53.9199,38.1288,1,76.5
39,9984,-6.64425,53.6562,38.855,1,75.1667
39,10315,-7.31151,53.7295,40.1022,1,71.8
39,10316,-6.76949,53.6211,39.6851,1,72
40,10313,-8.90141,54.1865,39.4523,0,65.6
40,10313,-8.90141,54.1865,39.4523,3,65.6
40,10312,-8.32438,54.0982,39.1073,2,67
40,10314,-8.13078,53.9362,40.0731,1,69.5714
40,9983,-7.52043,53.884,39.1535,1,73.7143
40,9982,-8.19376,54.1375,38.2723,1,70
40,10019,-9.11517,54.3206,38.4862,1,67
40,10326,-9.79356,54.3508,39.29,2,64.2857
40,10017,-10.7302,54.5299,38.5563,1,64.8333
40,10018,-9.98487,54.4736,38.3415,1,65.6
40,10325,-10.7683,54.4364,39.4593,1,63.5
40,10616,-10.0114,54.252,40.2166,1,61.6667
40,10608,-9.0762,54.1153,40.2053,1,63.8333
41,10483,9.0497,39.3123,40.8232,0,55.2
41,10483,9.0497,39.3123,40.8232,3,55.2
41,10482,9.91493,39.4408,40.5806,2,56.8571
41,10484,9.56604,38.8385,41.0046,1,55
41,10485,10.3833,38.6357,40.9571,1,55
41,10486,10.9387,39.108,40.5293,1,56.5
41,10497,8.8911,39.9441,40.5043,1,57.1667
41,10498,9.62571,40.2108,40.2108,1,56.3333
41,10499,10.6009,39.864,40.184,1,55.5
41,10496,8.22584,39.5171,40.8654,2,54.1667
41,10495,7.926,40.2781,40.5234,1,58.5
41,10494,7.34393,39.8164,40.8876,1,54.5
41,10795,7.64816,39.0583,41.2313,1,52.1667
41,10796,8.6814,38.7501,41.2204,1,53
42,10497,8.8911,39.9441,40.5043,0,57.1667
42,10497,8.8911,39.9441,40.5043,3,57.1667
42,10496,8.22584,39.5171,40.8654,2,54.1667
42,10495,7.926,40.2781,40.5234,1,58.5
42,10494,7.34393,39.8164,40.8876,1,54.5
42,10483,9.0497,39.3123,40.8232,1,55.2
42,10795,7.64816,39.0583,41.2313,1,52.1667
42,10796,8.6814,38.7501,41.2204,1,53
42,10482,9.91493,39.4408,40.5806,2,56.8571
42,10484,9.56604,38.8385,41.0046,1,55
42,10485,10.3833,38.6357,40.9571,1,55
42,10486,10.9387,39.108,40.5293,1,56.5
42,10498,9.62571,40.2108,40.2108,1,56.3333
42,10499,10.6009,39.864,40.184,1,55.5
42,10507,8.62287,40.7145,40.1419,2,56.7143
42,10506,7.61198,41.0211,40.2113,1,57.3333
42,10180,8.95193,41.3617,39.7055,1,59
42,10181,9.45475,40.8578,39.8857,1,59.2
42,10194,8.18324,41.5004,39.8068,1,57.8333
43,10498,9.62571,40.2108,40.2108,0,56.3333
43,10498,9.62571,40.2108,40.2108,3,56.3333
43,10482,9.91493,39.4408,40.5806,2,56.8571
43,10483,9.0497,39.3123,40.8232,1,55.2
43,10484,9.56604,38.8385,41.0046,1,55
43,10485,10.3833,38.6357,40.9571,1,55
43,10486,10.9387,39.108,40.5293,1,56.5
43,10497,8.8911,39.9441,40.5043,1,57.1667
43,10499,10.6009,39.864,40.184,1,55.5
43,10507,8.62287,40.7145,40.1419,2,56.7143
43,10495,7.926,40.2781,40.5234,1,58.5
43,10506,7.61198,41.0211,40.2113,1,57.3333
43,10180,8.95193,41.3617,39.7055,1,59
43,10181,9.45475,40.8578,39.8857,1,59.2
43,10194,8.18324,41.5004,39.8068,1,57.8333
43,10182,10.2541,40.6173,39.8425,2,58.5
43,10179,9.80328,41.4214,39.471,1,61.4286
43,10183,10.7599,41.0099,39.4779,1,60.8
43,10184,11.1607,40.3279,39.7725,1,57.6667
44,10608,-9.0762,54.1153,40.2053,0,63.8333
44,10608,-9.0762,54.1153,40.2053,3,63.8333
44,10314,-8.13078,53.9362,40.0731,2,69.5714
44,10313,-8.90141,54.1865,39.4523,1,65.6
44,10312,-8.32438,54.0982,39.1073,1,67
44,9983,-7.52043,53.884,39.1535,1,73.7143
44,10315,-7.31151,53.7295,40.1022,1,71.8
44,10609,-8.45385,53.8619,41.0696,1,65.5714
44,10610,-7.49745,53.6744,40.901,1,67.3333
44,10326,-9.79356,54.3508,39.29,2,64.2857
44,10017,-10.7302,54.5299,38.5563,1,64.8333
44,10018,-9.98487,54.4736,38.3415,1,65.6
44,10325,-10.7683,54.4364,39.4593,1,63.5
44,10019,-9.11517,54.3206,38.4862,1,67
44,10616,-10.0114,54.252,40.2166,1,61.6667
44,10915,-9.36331,54.0451,40.9347,2,60.6
44,10914,-9.29411,53.8727,41.8034,1,59.7143
44,10913,-10.158,54.103,41.124,1,60.1667
45,10780,8.34093,37.6539,41.9733,0,51.8333
45,10780,8.34093,37.6539,41.9733,3,51.8333
45,10779,7.95137,38.3531,41.5877,2,54.8333
45,10778,7.43426,37.8628,41.987,1,52.5
45,10775,6.9908,38.6354,41.6046,1,54.2857
45,10781,8.82186,38.0986,41.601,1,54
45,10795,7.64816,39.0583,41.2313,1,52.1667
45,10796,8.6814,38.7501,41.2204,1,53
45,10782,9.30702,37.5226,41.9097,2,52.6667
45,10783,9.72067,38.1586,41.4017,1,53.5714
45,10784,10.1835,37.4411,41.8042,1,52.3333
45,11078,8.78639,37.0147,42.3458,1,51.3333
45,11080,9.80691,36.8394,42.3138,1,37.2857
45,11076,7.78474,37.1908,42.3746,2,50.3333
45,11075,7.25804,36.7233,42.7785,1,49
45,11074,6.75808,37.4153,42.4188,1,50.5714
45,11077,8.20608,36.5321,42.7632,1,49.1667
46,10781,8.82186,38.0986,41.601,0,54
46,10781,8.82186,38.0986,41.601,3,54
46,10780,8.34093,37.6539,41.9733,2,51.8333
46,10779,7.95137,38.3531,41.5877,1,54.8333
46,10778,7.43426,37.8628,41.987,1,52.5
46,10782,9.30702,37.5226,41.9097,1,52.6667
46,11076,7.78474,37.1908,42.3746,1,50.3333
46,11078,8.78639,37.0147,42.3458,1,51.3333
46,10783,9.72067,38.1586,41.4017,2,53.5714
46,10784,10.1835,37.4411,41.8042,1,52.3333
46,10785,10.8071,37.8684,41.3464,1,53.7143
46,10796,8.6814,38.7501,41.2204,1,53
46,10484,9.56604,38.8385,41.0046,1,55
46,10485,10.3833,38.6357,40.9571,1,55
47,10796,8.6814,38.7501,41.2204,0,53
47,10796,8.6814,38.7501,41.2204,3,53
47,10781,8.82186,38.0986,41.601,2,54
47,10780,8.34093,37.6539,41.9733,1,51.8333
47,10779,7.95137,38.3531,41.5877,1,54.8333
47,10782,9.30702,37.5226,41.9097,1,52.6667
47,10783,9.72067,38.1586,41.4017,1,53.5714
47,10795,7.64816,39.0583,41.2313,2,52.1667
47,10775,6.9908,38.6354,41.6046,1,54.2857
47,10794,6.70069,39.4017,41.2563,1,52.1667
47,10494,7.34393,39.8164,40.8876,1,54.5
47,10496,8.22584,39.5171,40.8654,1,54.1667
47,10483,9.0497,39.3123,40.8232,2,55.2
47,10482,9.91493,39.4408,40.5806,1,56.8571
47,10484,9.56604,38.8385,41.0046,1,55
47,10497,8.8911,39.9441,40.5043,1,57.1667
48,10912,-10.2895,53.9369,41.9781,0,58.3333
48,10912,-10.2895,53.9369,41.9781,3,58.3333
48,10911,-11.0697,54.1416,41.2191,2,59.5
48,10910,-11.2579,53.9622,42.054,1,58.3333
48,10909,-12.0015,54.1481,41.2487,1,60
48,10913,-10.158,54.103,41.124,1,60.1667
48,10614,-11.8444,54.3319,40.4017,1,59.8333
48,10615,-10.916,54.3091,40.3493,1,61
48,10914,-9.29411,53.8727,41.8034,2,59.7143
48,10915,-9.36331,54.0451,40.9347,1,60.6
48,10609,-8.45385,53.8619,41.0696,1,65.5714
48,10916,-8.42872,53.7213,41.939,1,62
48,11213,-9.59984,53.7374,42.6976,1,56.8333
48,11214,-8.71788,53.6375,42.6542,1,58
48,11212,-10.5057,53.7776,42.8227,2,54.8333
48,11211,-11.4769,53.7982,42.8553,1,54
48,11511,-10.704,53.627,43.6314,1,51.5
48,11512,-9.78748,53.573,43.5854,1,53.8333
49,10913,-10.158,54.103,41.124,0,60.1667
49,10913,-10.158,54.103,41.124,3,60.1667
49,10912,-10.2895,53.9369,41.9781,2,58.3333
49,10911,-11.0697,54.1416,41.2191,1,59.5
49,10910,-11.2579,53.9622,42.054,1,58.3333
49,10914,-9.29411,53.8727,41.8034,1,59.7143
49,11212,-10.5057,53.7776,42.8227,1,54.8333
49,11213,-9.59984,53.7374,42.6976,1,56.8333
49,10915,-9.36331,54.0451,40.9347,2,60.6
49,10609,-8.45385,53.8619,41.0696,1,65.5714
49,10608,-9.0762,54.1153,40.2053,1,63.8333
49,10616,-10.0114,54.252,40.2166,1,61.6667
49,10615,-10.916,54.3091,40.3493,2,61
49,10324,-11.7163,54.4769,39.5374,1,63
49,10325,-10.7683,54.4364,39.4593,1,63.5
49,10614,-11.8444,54.3319,40.4017,1,59.8333
50,10915,-9.36331,54.0451,40.9347,0,60.6
50,10915,-9.36331,54.0451,40.9347,3,60.6
50,10914,-9.29411,53.8727,41.8034,2,59.7143
50,10913,-10.158,54.103,41.124,1,60.1667
50,10912,-10.2895,53.9369,41.9781,1,58.3333
50,10609,-8.45385,53.8619,41.0696,1,65.5714
50,10916,-8.42872,53.7213,41.939,1,62
50,11213,-9.59984,53.7374,42.6976,1,56.8333
50,11214,-8.71788,53.6375,42.6542,1,58
50,10608,-9.0762,54.1153,40.2053,2,63.8333
50,10314,-8.13078,53.9362,40.0731,1,69.5714
50,10313,-8.90141,54.1865,39.4523,1,65.6
50,10326,-9.79356,54.3508,39.29,1,64.2857
50,10616,-10.0114,54.252,40.2166,1,61.6667
51,11075,7.25804,36.7233,42.7785,0,49
51,11075,7.25804,36.7233,42.7785,3,49
51,11074,6.75808,37.4153,42.4188,2,50.5714
51,11073,6.33269,36.8592,42.8844,1,48.3333
51,11070,5.78586,37.5477,42.5977,1,50.1667
51,11076,7.78474,37.1908,42.3746,1,50.3333
51,11087,5.92143,38.0539,42.2294,1,49.3333
51,10777,6.68281,38.0503,42.0148,1,52
51,10778,7.43426,37.8628,41.987,1,52.5
51,11077,8.20608,36.5321,42.7632,2,49.1667
51,11078,8.78639,37.0147,42.3458,1,51.3333
51,11079,9.13959,36.367,42.7582,1,34.6667
51,11381,7.63869,36.0468,43.1757,1,47.6667
51,11382,8.60022,35.8721,43.1753,1,23.8333
51,11380,6.76042,36.2751,43.1765,2,47.2
51,11358,6.91754,35.6378,43.5769,1,48.4286
51,11379,5.8125,36.2841,43.4193,1,35.375
52,11076,7.78474,37.1908,42.3746,0,50.3333
52,11076,7.78474,37.1908,42.3746,3,50.3333
52,11075,7.25804,36.7233,42.7785,2,49
52,11074,6.75808,37.4153,42.4188,1,50.5714
52,11073,6.33269,36.8592,42.8844,1,48.3333
52,11077,8.20608,36.5321,42.7632,1,49.1667
52,11380,6.76042,36.2751,43.1765,1,47.2
52,11381,7.63869,36.0468,43.1757,1,47.6667
52,11078,8.78639,37.0147,42.3458,2,51.3333
52,11079,9.13959,36.367,42.7582,1,34.6667
52,11080,9.80691,36.8394,42.3138,1,37.2857
52,10780,8.34093,37.6539,41.9733,1,51.8333
52,10782,9.30702,37.5226,41.9097,1,52.6667
52,10778,7.43426,37.8628,41.987,2,52.5
52,10775,6.9908,38.6354,41.6046,1,54.2857
52,10779,7.95137,38.3531,41.5877,1,54.8333
52,10777,6.68281,38.0503,42.0148,1,52
53,11212,-10.5057,53.7776,42.8227,0,54.8333
53,11212,-10.5057,53.7776,42.8227,3,54.8333
53,10910,-11.2579,53.9622,42.054,2,58.3333
53,10909,-12.0015,54.1481,41.2487,1,60
53,10911,-11.0697,54.1416,41.2191,1,59.5
53,10908,-12.2585,53.9572,42.0556,1,58.6667
53,10912,-10.2895,53.9369,41.9781,1,58.3333
53,11211,-11.4769,53.7982,42.8553,1,54
53,11213,-9.59984,53.7374,42.6976,2,56.8333
53,10914,-9.29411,53.8727,41.8034,1,59.7143
53,11214,-8.71788,53.6375,42.6542,1,58
53,11512,-9.78748,53.573,43.5854,1,53.8333
53,11513,-8.97514,53.5318,43.3571,1,54.8
53,11511,-10.704,53.627,43.6314,2,51.5
53,11510,-11.6851,53.6562,43.6247,1,50.6667
53,11832,-10.9737,53.5049,44.3105,1,48.8
53,11833,-10.0177,53.3908,44.4725,1,49.4286
54,11378,5.31359,35.6798,43.9369,0,23
54,11378,5.31359,35.6798,43.9369,3,23
54,11375,4.85085,36.4052,43.678,2,0
54,11376,4.18003,36.3765,43.9718,1,0
54,11377,4.58034,35.8385,44.1002,1,0
54,11379,5.8125,36.2841,43.4193,1,35.375
54,11386,4.03375,37.0784,43.6882,1,0
54,11389,4.80795,37.0838,43.2945,1,13.4286
54,11359,6.08839,35.5555,43.7978,2,46.6
54,11358,6.91754,35.6378,43.5769,1,48.4286
54,11360,6.61749,35.0548,44.0192,1,46.6
54,11683,5.81134,35.003,44.2369,1,46
54,11682,4.7393,35.114,44.4605,2,29
54,11681,4.09367,34.5205,44.9237,1,45
54,11678,3.71447,35.228,44.7058,1,15.8333
54,11652,4.88582,34.3757,44.8366,1,46.2
54,11651,5.69202,34.4482,44.6352,1,48.5
54,11697,3.79515,35.9011,44.3974,1,0
55,11379,5.8125,36.2841,43.4193,0,35.375
55,11379,5.8125,36.2841,43.4193,3,35.375
55,11378,5.31359,35.6798,43.9369,2,23
55,11375,4.85085,36.4052,43.678,1,0
55,11377,4.58034,35.8385,44.1002,1,0
55,11359,6.08839,35.5555,43.7978,1,46.6
55,11682,4.7393,35.114,44.4605,1,29
55,11683,5.81134,35.003,44.2369,1,46
55,11358,6.91754,35.6378,43.5769,2,48.4286
55,11360,6.61749,35.0548,44.0192,1,46.6
55,11361,7.42835,34.8921,44.0122,1,23.8333
55,11362,7.95971,35.3977,43.5843,1,24.3333
55,11380,6.76042,36.2751,43.1765,1,47.2
55,11381,7.63869,36.0468,43.1757,1,47.6667
55,11389,4.80795,37.0838,43.2945,2,13.4286
55,11386,4.03375,37.0784,43.6882,1,0
55,11071,5.12143,37.5729,42.819,1,39
55,11072,5.57268,36.9989,43.0195,1,48
55,11395,3.92779,37.8456,43.3318,1,12.8571
55,11086,4.55967,37.8292,42.9312,1,29
55,11073,6.33269,36.8592,42.8844,2,48.3333
55,11070,5.78586,37.5477,42.5977,1,50.1667
55,11074,6.75808,37.4153,42.4188,1,50.5714
55,11075,7.25804,36.7233,42.7785,1,49
56,11380,6.76042,36.2751,43.1765,0,47.2
56,11380,6.76042,36.2751,43.1765,3,47.2
56,11358,6.91754,35.6378,43.5769,2,48.4286
56,11359,6.08839,35.5555,43.7978,1,46.6
56,11360,6.61749,35.0548,44.0192,1,46.6
56,11361,7.42835,34.8921,44.0122,1,23.8333
56,11362,7.95971,35.3977,43.5843,1,24.3333
56,11379,5.8125,36.2841,43.4193,1,35.375
56,11381,7.63869,36.0468,43.1757,1,47.6667
56,11073,6.33269,36.8592,42.8844,2,48.3333
56,11070,5.78586,37.5477,42.5977,1,50.1667
56,11074,6.75808,37.4153,42.4188,1,50.5714
56,11072,5.57268,36.9989,43.0195,1,48
56,11075,7.25804,36.7233,42.7785,1,49
57,11511,-10.704,53.627,43.6314,0,51.5
57,11511,-10.704,53.627,43.6314,3,51.5
57,11211,-11.4769,53.7982,42.8553,2,54
57,10908,-12.2585,53.9572,42.0556,1,58.6667
57,10910,-11.2579,53.9622,42.054,1,58.3333
57,11210,-12.4925,53.7924,42.8278,1,54.3333
57,11212,-10.5057,53.7776,42.8227,1,54.8333
57,11510,-11.6851,53.6562,43.6247,1,50.6667
57,11512,-9.78748,53.573,43.5854,2,53.8333
57,11213,-9.59984,53.7374,42.6976,1,56.8333
57,11513,-8.97514,53.5318,43.3571,1,54.8
57,11833,-10.0177,53.3908,44.4725,1,49.4286
57,11834,-8.96676,53.3347,44.1667,1,51.4286
57,11832,-10.9737,53.5049,44.3105,2,48.8
57,11831,-11.7933,53.4948,44.4515,1,48
57,12219,-10.9026,53.2997,45.1128,1,45.7143
58,11605,-11.2014,28.612,44.7884,0,37.8333
58,11605,-11.2014,28.612,44.7884,3,37.8333
58,11604,-12.2334,28.6173,44.79,2,38
58,11603,-13.2478,28.6356,44.8042,1,38.5
58,11576,-12.8174,28.185,44.2558,1,38.8333
58,11577,-11.7863,28.1501,44.2458,1,38.5
58,11893,-12.7065,29.0803,45.3272,1,37
58,11894,-11.6844,29.0801,45.3119,1,36.6667
58,11578,-10.7424,28.1329,44.2633,2,39.3333
58,11301,-10.259,27.6617,43.7583,1,39.8333
58,11300,-11.3635,27.6662,43.6778,1,38.8571
58,11579,-9.67399,28.1464,44.3041,1,39.6667
58,11606,-10.146,28.634,44.7983,1,38
58,11895,-10.6408,29.1116,45.3045,2,37.1667
58,11896,-9.56998,29.1775,45.2899,1,38.1667
58,11921,-11.1586,29.5606,45.8127,1,35.5
58,11922,-10.1316,29.6474,45.7976,1,36.5
59,11606,-10.146,28.634,44.7983,0,38
59,11606,-10.146,28.634,44.7983,3,38
59,11605,-11.2014,28.612,44.7884,2,37.8333
59,11604,-12.2334,28.6173,44.79,1,38
59,11577,-11.7863,28.1501,44.2458,1,38.5
59,11578,-10.7424,28.1329,44.2633,1,39.3333
59,11894,-11.6844,29.0801,45.3119,1,36.6667
59,11895,-10.6408,29.1116,45.3045,1,37.1667
59,11579,-9.67399,28.1464,44.3041,2,39.6667
59,11302,-9.22594,27.6374,43.7993,1,39.5
59,11301,-10.259,27.6617,43.7583,1,39.8333
59,11580,-8.61176,28.1552,44.3268,1,39
59,11607,-9.05695,28.6886,44.8101,1,37.6667
59,11896,-9.56998,29.1775,45.2899,2,38.1667
59,11897,-8.40371,29.3082,45.2695,1,38
59,11922,-10.1316,29.6474,45.7976,1,36.5
59,11923,-9.14711,29.7557,45.7523,1,36.8333
60,11607,-9.05695,28.6886,44.8101,0,37.6667
60,11607,-9.05695,28.6886,44.8101,3,37.6667
60,11606,-10.146,28.634,44.7983,2,38
60,11605,-11.2014,28.612,44.7884,1,37.8333
60,11578,-10.7424,28.1329,44.2633,1,39.3333
60,11579,-9.67399,28.1464,44.3041,1,39.6667
60,11895,-10.6408,29.1116,45.3045,1,37.1667
60,11896,-9.56998,29.1775,45.2899,1,38.1667
60,11580,-8.61176,28.1552,44.3268,2,39
60,11303,-8.21696,27.6097,43.8411,1,38.6667
60,11302,-9.22594,27.6374,43.7993,1,39.5
60,11581,-7.53742,28.1322,44.3356,1,38.1667
60,11608,-7.96017,28.7269,44.7896,1,36.6667
60,11897,-8.40371,29.3082,45.2695,2,38
60,11898,-7.2132,29.359,45.156,1,35.5
60,11923,-9.14711,29.7557,45.7523,1,36.8333
60,11924,-8.30161,29.9077,45.7161,1,39
60,11925,-7.46623,29.9122,45.5455,1,40.8333
61,11681,4.09367,34.5205,44.9237,0,45
61,11681,4.09367,34.5205,44.9237,3,45
61,11678,3.71447,35.228,44.7058,2,15.8333
61,11679,2.89086,35.1939,44.9349,1,0
61,11680,3.25362,34.6856,45.0267,1,27.4
61,11682,4.7393,35.114,44.4605,1,29
61,11694,2.96409,35.8544,44.7273,1,0
61,11697,3.79515,35.9011,44.3974,1,0
61,11652,4.88582,34.3757,44.8366,2,46.2
61,11651,5.69202,34.4482,44.6352,1,48.5
61,11653,5.43836,33.8978,45.0433,1,48.2
61,12021,4.53508,33.7872,45.2598,1,43.7143
61,12020,3.35519,34.0138,45.2983,2,42.7143
61,11993,3.86246,33.3163,45.623,1,44
61,11991,2.89398,33.3207,45.6648,1,41.8333
61,12019,2.38434,33.8692,45.438,1,31.6
61,12033,2.24251,34.6466,45.2267,1,11
62,11682,4.7393,35.114,44.4605,0,29
62,11682,4.7393,35.114,44.4605,3,29
62,11681,4.09367,34.5205,44.9237,2,45
62,11678,3.71447,35.228,44.7058,1,15.8333
62,11680,3.25362,34.6856,45.0267,1,27.4
62,11652,4.88582,34.3757,44.8366,1,46.2
62,12020,3.35519,34.0138,45.2983,1,42.7143
62,12021,4.53508,33.7872,45.2598,1,43.7143
62,11651,5.69202,34.4482,44.6352,2,48.5
62,11653,5.43836,33.8978,45.0433,1,48.2
62,11654,6.32653,33.8117,44.9807,1,25.8333
62,11655,6.74189,34.4065,44.4749,1,27.8571
62,11683,5.81134,35.003,44.2369,1,46
62,11697,3.79515,35.9011,44.3974,2,0
62,11694,2.96409,35.8544,44.7273,1,0
62,11376,4.18003,36.3765,43.9718,1,0
62,11377,4.58034,35.8385,44.1002,1,0
62,11706,2.8839,36.6216,44.5314,1,0
62,11388,3.60879,36.601,44.1417,1,0
62,11378,5.31359,35.6798,43.9369,2,23
62,11375,4.85085,36.4052,43.678,1,0
62,11379,5.8125,36.2841,43.4193,1,35.375
62,11359,6.08839,35.5555,43.7978,1,46.6
63,11831,-11.7933,53.4948,44.4515,0,48
63,11831,-11.7933,53.4948,44.4515,3,48
63,11509,-12.619,53.6394,43.6538,2,50.6667
63,11209,-13.4923,53.7518,42.8058,1,55.1667
63,11210,-12.4925,53.7924,42.8278,1,54.3333
63,11508,-13.5715,53.5951,43.6387,1,51.3333
63,11510,-11.6851,53.6562,43.6247,1,50.6667
63,11830,-12.6987,53.475,44.4812,1,47.3333
63,11832,-10.9737,53.5049,44.3105,2,48.8
63,11511,-10.704,53.627,43.6314,1,51.5
63,11833,-10.0177,53.3908,44.4725,1,49.4286
63,12219,-10.9026,53.2997,45.1128,1,45.7143
63,12218,-11.8832,53.2933,45.2627,2,45
63,12217,-12.7884,53.2668,45.2846,1,44
63,12509,-12.1143,53.0238,46.0588,1,42.1667
63,12511,-11.2197,53.0387,45.9621,1,43.1667
64,11832,-10.9737,53.5049,44.3105,0,48.8
64,11832,-10.9737,53.5049,44.3105,3,48.8
64,11510,-11.6851,53.6562,43.6247,2,50.6667
64,11210,-12.4925,53.7924,42.8278,1,54.3333
64,11211,-11.4769,53.7982,42.8553,1,54
64,11509,-12.619,53.6394,43.6538,1,50.6667
64,11511,-10.704,53.627,43.6314,1,51.5
64,11831,-11.7933,53.4948,44.4515,1,48
64,11833,-10.0177,53.3908,44.4725,2,49.4286
64,11512,-9.78748,53.573,43.5854,1,53.8333
64,11834,-8.96676,53.3347,44.1667,1,51.4286
64,12210,-9.23358,53.1099,45.0756,1,49
64,12211,-9.99245,53.1563,45.3061,1,47
64,12219,-10.9026,53.2997,45.1128,1,45.7143
65,11894,-11.6844,29.0801,45.3119,0,36.6667
65,11894,-11.6844,29.0801,45.3119,3,36.6667
65,11605,-11.2014,28.612,44.7884,2,37.8333
65,11604,-12.2334,28.6173,44.79,1,38
65,11577,-11.7863,28.1501,44.2458,1,38.5
65,11578,-10.7424,28.1329,44.2633,1,39.3333
65,11606,-10.146,28.634,44.7983,1,38
65,11895,-10.6408,29.1116,45.3045,1,37.1667
65,11893,-12.7065,29.0803,45.3272,2,37
65,11603,-13.2478,28.6356,44.8042,1,38.5
65,11892,-13.7138,29.0963,45.3471,1,37.5
65,11919,-13.1855,29.5402,45.8695,1,36.5
65,11920,-12.1839,29.5295,45.8365,1,35.6667
65,11921,-11.1586,29.5606,45.8127,2,35.5
65,11922,-10.1316,29.6474,45.7976,1,36.5
65,12273,-11.6788,29.9689,46.32,1,33.3333
65,12274,-10.6584,30.0638,46.2999,1,33.3333
66,11897,-8.40371,29.3082,45.2695,0,38
66,11897,-8.40371,29.3082,45.2695,3,38
66,11608,-7.96017,28.7269,44.7896,2,36.6667
66,11607,-9.05695,28.6886,44.8101,1,37.6667
66,11580,-8.61176,28.1552,44.3268,1,39
66,11581,-7.53742,28.1322,44.3356,1,38.1667
66,11609,-6.86362,28.7182,44.7487,1,36.3333
66,11898,-7.2132,29.359,45.156,1,35.5
66,11896,-9.56998,29.1775,45.2899,2,38.1667
66,11606,-10.146,28.634,44.7983,1,38
66,11895,-10.6408,29.1116,45.3045,1,37.1667
66,11922,-10.1316,29.6474,45.7976,1,36.5
66,11923,-9.14711,29.7557,45.7523,1,36.8333
66,11924,-8.30161,29.9077,45.7161,2,39
66,11925,-7.46623,29.9122,45.5455,1,40.8333
66,11926,-7.79586,30.4104,45.966,1,36.8
66,12276,-8.58444,30.3824,46.1405,1,33.5
67,11916,-16.1875,29.6039,45.866,0,37.1667
67,11916,-16.1875,29.6039,45.866,3,37.1667
67,11915,-17.1962,29.6422,45.8375,2,37.3333
67,11914,-18.2081,29.7376,45.8304,1,37.3333
67,11888,-17.7251,29.1576,45.3248,1,38.1667
67,11889,-16.7175,29.1226,45.3351,1,38
67,12267,-17.6587,30.184,46.3235,1,36
67,12268,-16.6502,30.1049,46.3652,1,35.1667
67,11890,-15.7161,29.1137,45.3499,2,38.5
67,11601,-15.2409,28.65,44.8287,1,39
67,11600,-16.2348,28.6325,44.816,1,38.1667
67,11891,-14.7153,29.109,45.3566,1,38.3333
67,11917,-15.187,29.5849,45.8896,1,37.6667
67,12269,-15.6441,30.0745,46.4239,2,36
67,12270,-14.644,30.0373,46.4452,1,35.3333
67,12293,-16.1169,30.5623,46.9337,1,34
67,12294,-15.0799,30.5338,47.0251,1,34
68,11917,-15.187,29.5849,45.8896,0,37.6667
68,11917,-15.187,29.5849,45.8896,3,37.6667
68,11916,-16.1875,29.6039,45.866,2,37.1667
68,11915,-17.1962,29.6422,45.8375,1,37.3333
68,11889,-16.7175,29.1226,45.3351,1,38
68,11890,-15.7161,29.1137,45.3499,1,38.5
68,12268,-16.6502,30.1049,46.3652,1,35.1667
68,12269,-15.6441,30.0745,46.4239,1,36
68,11891,-14.7153,29.109,45.3566,2,38.3333
68,11602,-14.2421,28.6525,44.8243,1,39
68,11601,-15.2409,28.65,44.8287,1,39
68,11892,-13.7138,29.0963,45.3471,1,37.5
68,11918,-14.1871,29.5631,45.8906,1,37
68,12270,-14.644,30.0373,46.4452,2,35.3333
68,12271,-13.6347,29.9941,46.4242,1,34.5
68,12294,-15.0799,30.5338,47.0251,1,34
68,12295,-14.0259,30.4359,46.9816,1,32.8333
69,11918,-14.1871,29.5631,45.8906,0,37
69,11918,-14.1871,29.5631,45.8906,3,37
69,11917,-15.187,29.5849,45.8896,2,37.6667
69,11916,-16.1875,29.6039,45.866,1,37.1667
69,11890,-15.7161,29.1137,45.3499,1,38.5
69,11891,-14.7153,29.109,45.3566,1,38.3333
69,12269,-15.6441,30.0745,46.4239,1,36
69,12270,-14.644,30.0373,46.4452,1,35.3333
69,11892,-13.7138,29.0963,45.3471,2,37.5
69,11603,-13.2478,28.6356,44.8042,1,38.5
69,11602,-14.2421,28.6525,44.8243,1,39
69,11893,-12.7065,29.0803,45.3272,1,37
69,11919,-13.1855,29.5402,45.8695,1,36.5
69,12271,-13.6347,29.9941,46.4242,2,34.5
69,12272,-12.6519,29.9736,46.3872,1,34.1667
69,12295,-14.0259,30.4359,46.9816,1,32.8333
69,12296,-13.0382,30.4152,46.9653,1,32.1667
70,11919,-13.1855,29.5402,45.8695,0,36.5
70,11919,-13.1855,29.5402,45.8695,3,36.5
70,11918,-14.1871,29.5631,45.8906,2,37
70,11917,-15.187,29.5849,45.8896,1,37.6667
70,11891,-14.7153,29.109,45.3566,1,38.3333
70,11892,-13.7138,29.0963,45.3471,1,37.5
70,12270,-14.644,30.0373,46.4452,1,35.3333
70,12271,-13.6347,29.9941,46.4242,1,34.5
70,11893,-12.7065,29.0803,45.3272,2,37
70,11604,-12.2334,28.6173,44.79,1,38
70,11603,-13.2478,28.6356,44.8042,1,38.5
70,11894,-11.6844,29.0801,45.3119,1,36.6667
70,11920,-12.1839,29.5295,45.8365,1,35.6667
70,12272,-12.6519,29.9736,46.3872,2,34.1667
70,12273,-11.6788,29.9689,46.32,1,33.3333
70,12296,-13.0382,30.4152,46.9653,1,32.1667
70,12297,-12.1014,30.4008,46.8903,1,32
71,11920,-12.1839,29.5295,45.8365,0,35.6667
71,11920,-12.1839,29.5295,45.8365,3,35.6667
71,11919,-13.1855,29.5402,45.8695,2,36.5
71,11918,-14.1871,29.5631,45.8906,1,37
71,11892,-13.7138,29.0963,45.3471,1,37.5
71,11893,-12.7065,29.0803,45.3272,1,37
71,12271,-13.6347,29.9941,46.4242,1,34.5
71,12272,-12.6519,29.9736,46.3872,1,34.1667
71,11894,-11.6844,29.0801,45.3119,2,36.6667
71,11605,-11.2014,28.612,44.7884,1,37.8333
71,11604,-12.2334,28.6173,44.79,1,38
71,11895,-10.6408,29.1116,45.3045,1,37.1667
71,11921,-11.1586,29.5606,45.8127,1,35.5
71,12273,-11.6788,29.9689,46.32,2,33.3333
71,12274,-10.6584,30.0638,46.2999,1,33.3333
71,12297,-12.1014,30.4008,46.8903,1,32
71,12298,-11.2369,30.3758,46.7497,1,31.4
72,11925,-7.46623,29.9122,45.5455,0,40.8333
72,11925,-7.46623,29.9122,45.5455,3,40.8333
72,11924,-8.30161,29.9077,45.7161,2,39
72,11923,-9.14711,29.7557,45.7523,1,36.8333
72,11897,-8.40371,29.3082,45.2695,1,38
72,11926,-7.79586,30.4104,45.966,1,36.8
72,12276,-8.58444,30.3824,46.1405,1,33.5
72,11898,-7.2132,29.359,45.156,2,35.5
72,11609,-6.86362,28.7182,44.7487,1,36.3333
72,11608,-7.96017,28.7269,44.7896,1,36.6667
72,11899,-6.12695,29.4489,45.107,1,35.8333
72,11927,-6.36273,30.1471,45.4683,1,39.5714
72,11942,-7.02566,30.6168,45.8967,2,37.5
72,11943,-6.2232,30.8388,45.7922,1,38
72,12303,-7.68036,31.088,46.4133,1,34.5
72,12304,-6.60185,31.3254,46.1826,1,32.6667
73,11927,-6.36273,30.1471,45.4683,0,39.5714
73,11927,-6.36273,30.1471,45.4683,3,39.5714
73,11899,-6.12695,29.4489,45.107,2,35.8333
73,11610,-5.84369,28.7542,44.7771,1,36.3333
73,11609,-6.86362,28.7182,44.7487,1,36.3333
73,11898,-7.2132,29.359,45.156,1,35.5
73,11900,-5.07373,29.4738,45.0878,1,35.3333
73,11928,-5.25505,30.2192,45.3405,1,35.3333
73,11925,-7.46623,29.9122,45.5455,2,40.8333
73,11924,-8.30161,29.9077,45.7161,1,39
73,11926,-7.79586,30.4104,45.966,1,36.8
73,11897,-8.40371,29.3082,45.2695,1,38
73,11942,-7.02566,30.6168,45.8967,1,37.5
73,11943,-6.2232,30.8388,45.7922,2,38
73,11944,-5.30189,30.9658,45.6132,1,39.2857
73,11945,-5.81967,31.3863,45.9524,1,35.4
73,12304,-6.60185,31.3254,46.1826,1,32.6667
74,11944,-5.30189,30.9658,45.6132,0,39.2857
74,11944,-5.30189,30.9658,45.6132,3,39.2857
74,11943,-6.2232,30.8388,45.7922,2,38
74,11942,-7.02566,30.6168,45.8967,1,37.5
74,11927,-6.36273,30.1471,45.4683,1,39.5714
74,11945,-5.81967,31.3863,45.9524,1,35.4
74,12304,-6.60185,31.3254,46.1826,1,32.6667
74,11928,-5.25505,30.2192,45.3405,2,35.3333
74,11900,-5.07373,29.4738,45.0878,1,35.3333
74,11899,-6.12695,29.4489,45.107,1,35.8333
74,11929,-4.20899,30.256,45.3011,1,37.5
74,11946,-4.28891,31.063,45.4789,1,40.1667
74,11960,-5.17566,31.6865,45.8897,2,37.2
74,11961,-4.30807,31.8523,45.7099,1,39
74,11962,-4.90264,32.2456,46.0683,1,36
74,12324,-5.7322,32.0598,46.289,1,33
75,11961,-4.30807,31.8523,45.7099,0,39
75,11961,-4.30807,31.8523,45.7099,3,39
75,11960,-5.17566,31.6865,45.8897,2,37.2
75,11944,-5.30189,30.9658,45.6132,1,39.2857
75,11945,-5.81967,31.3863,45.9524,1,35.4
75,11962,-4.90264,32.2456,46.0683,1,36
75,12324,-5.7322,32.0598,46.289,1,33
75,11946,-4.28891,31.063,45.4789,2,40.1667
75,11929,-4.20899,30.256,45.3011,1,37.5
75,11928,-5.25505,30.2192,45.3405,1,35.3333
75,11947,-3.28956,31.1234,45.4375,1,44.1667
75,11963,-3.3289,31.9778,45.5651,1,41.1667
75,11980,-4.2849,32.5294,45.9755,2,35.8
75,11981,-3.37178,32.7911,45.7902,1,37.5714
75,11982,-4.05307,32.9553,46.0862,1,35.75
75,12353,-4.88682,32.9333,46.4568,1,33.25
76,11963,-3.3289,31.9778,45.5651,0,41.1667
76,11963,-3.3289,31.9778,45.5651,3,41.1667
76,11947,-3.28956,31.1234,45.4375,2,44.1667
76,11930,-3.22072,30.2283,45.3607,1,41.3333
76,11929,-4.20899,30.256,45.3011,1,37.5
76,11946,-4.28891,31.063,45.4789,1,40.1667
76,11948,-2.31263,31.1692,45.5108,1,45
76,11964,-2.34612,32.0618,45.5147,1,40.5
76,11961,-4.30807,31.8523,45.7099,2,39
76,11960,-5.17566,31.6865,45.8897,1,37.2
76,11962,-4.90264,32.2456,46.0683,1,36
76,11944,-5.30189,30.9658,45.6132,1,39.2857
76,11980,-4.2849,32.5294,45.9755,1,35.8
76,11981,-3.37178,32.7911,45.7902,1,37.5714
76,11983,-2.38715,32.9226,45.6156,2,38
76,11984,-1.39867,33.0046,45.5398,1,39.6667
76,12013,-2.48691,33.7112,45.8475,1,36.5714
76,12015,-1.45661,33.8684,45.6365,1,37.8333
77,11964,-2.34612,32.0618,45.5147,0,40.5
77,11964,-2.34612,32.0618,45.5147,3,40.5
77,11948,-2.31263,31.1692,45.5108,2,45
77,11931,-2.29996,30.2229,45.5546,1,42
77,11930,-3.22072,30.2283,45.3607,1,41.3333
77,11947,-3.28956,31.1234,45.4375,1,44.1667
77,11950,-1.32802,31.2736,45.7207,1,42.4286
77,11965,-1.35837,32.1311,45.5772,1,41
77,11963,-3.3289,31.9778,45.5651,2,41.1667
77,11946,-4.28891,31.063,45.4789,1,40.1667
77,11961,-4.30807,31.8523,45.7099,1,39
77,11981,-3.37178,32.7911,45.7902,1,37.5714
77,11983,-2.38715,32.9226,45.6156,1,38
77,11984,-1.39867,33.0046,45.5398,2,39.6667
77,11985,-0.399235,33.032,45.5635,1,39.8333
77,12015,-1.45661,33.8684,45.6365,1,37.8333
77,12016,-0.480389,33.9113,45.5164,1,27
78,11965,-1.35837,32.1311,45.5772,0,41
78,11965,-1.35837,32.1311,45.5772,3,41
78,11950,-1.32802,31.2736,45.7207,2,42.4286
78,11949,-1.53289,30.424,45.828,1,36.6
78,11931,-2.29996,30.2229,45.5546,1,42
78,11948,-2.31263,31.1692,45.5108,1,45
78,11951,-0.951549,30.7929,46.0059,1,35.4
78,11966,-0.307696,31.33,46.104,1,34.5714
78,11967,-0.350701,32.1795,45.755,1,38.4286
78,11964,-2.34612,32.0618,45.5147,2,40.5
78,11947,-3.28956,31.1234,45.4375,1,44.1667
78,11963,-3.3289,31.9778,45.5651,1,41.1667
78,11983,-2.38715,32.9226,45.6156,1,38
78,11984,-1.39867,33.0046,45.5398,1,39.6667
78,11985,-0.399235,33.032,45.5635,2,39.8333
78,11987,0.68951,33.0769,45.6513,1,37.1429
78,12016,-0.480389,33.9113,45.5164,1,27
78,12017,0.45996,33.8673,45.4778,1,19.3333
79,11967,-0.350701,32.1795,45.755,0,38.4286
79,11967,-0.350701,32.1795,45.755,3,38.4286
79,11966,-0.307696,31.33,46.104,2,34.5714
79,11950,-1.32802,31.2736,45.7207,1,42.4286
79,11951,-0.951549,30.7929,46.0059,1,35.4
79,11968,0.306765,31.8566,46.082,1,35.2
79,12305,-0.472666,30.6116,46.3117,1,31
79,12325,0.631646,31.3924,46.4481,1,31.3333
79,12306,0.221257,30.7202,46.6337,1,31
79,11965,-1.35837,32.1311,45.5772,2,41
79,11948,-2.31263,31.1692,45.5108,1,45
79,11964,-2.34612,32.0618,45.5147,1,40.5
79,11984,-1.39867,33.0046,45.5398,1,39.6667
79,11985,-0.399235,33.032,45.5635,1,39.8333
79,11986,0.635347,32.398,45.9059,2,33.4
79,11987,0.68951,33.0769,45.6513,1,37.1429
79,11988,1.48703,32.6167,45.9662,1,34.1667
79,12326,1.15415,31.9808,46.2649,1,33.1667
80,11987,0.68951,33.0769,45.6513,0,37.1429
80,11987,0.68951,33.0769,45.6513,3,37.1429
80,11986,0.635347,32.398,45.9059,2,33.4
80,11967,-0.350701,32.1795,45.755,1,38.4286
80,11968,0.306765,31.8566,46.082,1,35.2
80,11988,1.48703,32.6167,45.9662,1,34.1667
80,12326,1.15415,31.9808,46.2649,1,33.1667
80,11985,-0.399235,33.032,45.5635,2,39.8333
80,11965,-1.35837,32.1311,45.5772,1,41
80,11984,-1.39867,33.0046,45.5398,1,39.6667
80,12016,-0.480389,33.9113,45.5164,1,27
80,12017,0.45996,33.8673,45.4778,1,19.3333
80,11989,1.85041,33.2503,45.6826,2,38
80,11990,2.44642,32.701,46.0226,1,37
80,11991,2.89398,33.3207,45.6648,1,41.8333
80,12018,1.45661,33.8838,45.457,1,18
80,12019,2.38434,33.8692,45.438,1,31.6
81,11989,1.85041,33.2503,45.6826,0,38
81,11989,1.85041,33.2503,45.6826,3,38
81,11988,1.48703,32.6167,45.9662,2,34.1667
81,11987,0.68951,33.0769,45.6513,1,37.1429
81,11986,0.635347,32.398,45.9059,1,33.4
81,11990,2.44642,32.701,46.0226,1,37
81,12326,1.15415,31.9808,46.2649,1,33.1667
81,12328,2.05387,32.084,46.4033,1,35.1667
81,11991,2.89398,33.3207,45.6648,2,41.8333
81,11992,3.40296,32.7363,46.0305,1,39.6667
81,11993,3.86246,33.3163,45.623,1,44
81,12019,2.38434,33.8692,45.438,1,31.6
81,12020,3.35519,34.0138,45.2983,1,42.7143
81,12018,1.45661,33.8838,45.457,2,18
81,12017,0.45996,33.8673,45.4778,1,19.3333
81,12032,1.23728,34.582,45.3466,1,0
81,12033,2.24251,34.6466,45.2267,1,11
82,12019,2.38434,33.8692,45.438,0,31.6
82,12019,2.38434,33.8692,45.438,3,31.6
82,11991,2.89398,33.3207,45.6648,2,41.8333
82,11990,2.44642,32.701,46.0226,1,37
82,11989,1.85041,33.2503,45.6826,1,38
82,11992,3.40296,32.7363,46.0305,1,39.6667
82,11993,3.86246,33.3163,45.623,1,44
82,12020,3.35519,34.0138,45.2983,1,42.7143
82,12018,1.45661,33.8838,45.457,2,18
82,11987,0.68951,33.0769,45.6513,1,37.1429
82,12017,0.45996,33.8673,45.4778,1,19.3333
82,12032,1.23728,34.582,45.3466,1,0
82,12033,2.24251,34.6466,45.2267,1,11
83,12020,3.35519,34.0138,45.2983,0,42.7143
83,12020,3.35519,34.0138,45.2983,3,42.7143
83,11993,3.86246,33.3163,45.623,2,44
83,11992,3.40296,32.7363,46.0305,1,39.6667
83,11991,2.89398,33.3207,45.6648,1,41.8333
83,11994,4.36715,32.7063,46.0303,1,27.5
83,11995,4.78368,33.1682,45.644,1,35
83,12021,4.53508,33.7872,45.2598,1,43.7143
83,12019,2.38434,33.8692,45.438,2,31.6
83,11989,1.85041,33.2503,45.6826,1,38
83,12018,1.45661,33.8838,45.457,1,18
83,12033,2.24251,34.6466,45.2267,1,11
83,11680,3.25362,34.6856,45.0267,2,27.4
83,11679,2.89086,35.1939,44.9349,1,0
83,11678,3.71447,35.228,44.7058,1,15.8333
83,11681,4.09367,34.5205,44.9237,1,45
84,12218,-11.8832,53.2933,45.2627,0,45
84,12218,-11.8832,53.2933,45.2627,3,45
84,11830,-12.6987,53.475,44.4812,2,47.3333
84,11508,-13.5715,53.5951,43.6387,1,51.3333
84,11509,-12.619,53.6394,43.6538,1,50.6667
84,11829,-13.6129,53.423,44.4494,1,46.8333
84,11831,-11.7933,53.4948,44.4515,1,48
84,12217,-12.7884,53.2668,45.2846,1,44
84,12219,-10.9026,53.2997,45.1128,2,45.7143
84,11832,-10.9737,53.5049,44.3105,1,48.8
84,11833,-10.0177,53.3908,44.4725,1,49.4286
84,12211,-9.99245,53.1563,45.3061,1,47
84,12511,-11.2197,53.0387,45.9621,1,43.1667
84,12513,-10.4096,53.0203,45.8391,1,44.4
84,12509,-12.1143,53.0238,46.0588,2,42.1667
84,12508,-12.4647,52.6953,46.7723,1,39.1667
84,12507,-13.0086,52.9906,46.0352,1,41.1667
84,12510,-11.4426,52.6973,46.7513,1,41
85,12266,-18.7222,30.4074,46.3638,0,36.4286
85,12266,-18.7222,30.4074,46.3638,3,36.4286
85,11914,-18.2081,29.7376,45.8304,2,37.3333
85,11913,-19.1466,29.816,45.7829,1,38.1667
85,11887,-18.7311,29.2113,45.304,1,38.1667
85,11888,-17.7251,29.1576,45.3248,1,38.1667
85,11915,-17.1962,29.6422,45.8375,1,37.3333
85,12267,-17.6587,30.184,46.3235,1,36
85,12265,-19.716,30.4191,46.1838,2,36.3333
85,11912,-19.9843,29.8934,45.721,1,38
85,11941,-20.5095,30.3477,45.9804,1,35.6
85,12288,-20.6082,30.9859,46.4552,1,36.2857
85,12289,-19.5653,30.9456,46.6655,1,35.1667
85,12290,-18.725,31.12,47.0373,2,35.8571
85,12291,-17.967,30.709,46.7951,1,34.8333
85,12319,-19.4223,31.4653,47.1832,1,34
85,12565,-18.0598,31.1467,47.2205,1,34.25
85,12595,-18.8904,31.7641,47.6324,1,31.6667
85,12596,-18.0309,31.6099,47.7124,1,33.2857
86,12267,-17.6587,30.184,46.3235,0,36
86,12267,-17.6587,30.184,46.3235,3,36
86,11915,-17.1962,29.6422,45.8375,2,37.3333
86,11914,-18.2081,29.7376,45.8304,1,37.3333
86,11888,-17.7251,29.1576,45.3248,1,38.1667
86,11889,-16.7175,29.1226,45.3351,1,38
86,11916,-16.1875,29.6039,45.866,1,37.1667
86,12268,-16.6502,30.1049,46.3652,1,35.1667
86,12266,-18.7222,30.4074,46.3638,2,36.4286
86,11913,-19.1466,29.816,45.7829,1,38.1667
86,12265,-19.716,30.4191,46.1838,1,36.3333
86,12290,-18.725,31.12,47.0373,1,35.8571
86,12291,-17.967,30.709,46.7951,1,34.8333
86,12289,-19.5653,30.9456,46.6655,1,35.1667
86,12292,-17.0622,30.6148,46.856,2,33.6667
86,12293,-16.1169,30.5623,46.9337,1,34
86,12566,-17.4217,31.13,47.342,1,34.3333
86,12567,-16.5949,31.0833,47.4551,1,35.1667
87,12268,-16.6502,30.1049,46.3652,0,35.1667
87,12268,-16.6502,30.1049,46.3652,3,35.1667
87,11916,-16.1875,29.6039,45.866,2,37.1667
87,11915,-17.1962,29.6422,45.8375,1,37.3333
87,11889,-16.7175,29.1226,45.3351,1,38
87,11890,-15.7161,29.1137,45.3499,1,38.5
87,11917,-15.187,29.5849,45.8896,1,37.6667
87,12269,-15.6441,30.0745,46.4239,1,36
87,12267,-17.6587,30.184,46.3235,2,36
87,11914,-18.2081,29.7376,45.8304,1,37.3333
87,12266,-18.7222,30.4074,46.3638,1,36.4286
87,12291,-17.967,30.709,46.7951,1,34.8333
87,12292,-17.0622,30.6148,46.856,1,33.6667
87,12293,-16.1169,30.5623,46.9337,2,34
87,12294,-15.0799,30.5338,47.0251,1,34
87,12567,-16.5949,31.0833,47.4551,1,35.1667
87,12568,-15.7366,31.0143,47.5284,1,33.1667
88,12289,-19.5653,30.9456,46.6655,0,35.1667
88,12289,-19.5653,30.9456,46.6655,3,35.1667
88,12265,-19.716,30.4191,46.1838,2,36.3333
88,11913,-19.1466,29.816,45.7829,1,38.1667
88,11912,-19.9843,29.8934,45.721,1,38
88,12266,-18.7222,30.4074,46.3638,1,36.4286
88,11941,-20.5095,30.3477,45.9804,1,35.6
88,12288,-20.6082,30.9859,46.4552,1,36.2857
88,12290,-18.725,31.12,47.0373,2,35.8571
88,12291,-17.967,30.709,46.7951,1,34.8333
88,12319,-19.4223,31.4653,47.1832,1,34
88,12565,-18.0598,31.1467,47.2205,1,34.25
88,12595,-18.8904,31.7641,47.6324,1,31.6667
88,12596,-18.0309,31.6099,47.7124,1,33.2857
88,12318,-20.1722,31.5082,47.0171,2,34.3333
88,12317,-21.0029,31.6534,46.9063,1,36.3333
88,12593,-20.4645,32.1177,47.492,1,31.6667
88,12594,-19.7084,32.0115,47.6321,1,32
89,12318,-20.1722,31.5082,47.0171,0,34.3333
89,12318,-20.1722,31.5082,47.0171,3,34.3333
89,12317,-21.0029,31.6534,46.9063,2,36.3333
89,12287,-21.7213,31.3792,46.4816,1,37.5714
89,12316,-21.7645,32.2107,47.1325,1,34
89,12288,-20.6082,30.9859,46.4552,1,36.2857
89,12592,-21.0926,32.1544,47.3151,1,32.25
89,12593,-20.4645,32.1177,47.492,1,31.6667
89,12289,-19.5653,30.9456,46.6655,2,35.1667
89,12265,-19.716,30.4191,46.1838,1,36.3333
89,12290,-18.725,31.12,47.0373,1,35.8571
89,12266,-18.7222,30.4074,46.3638,1,36.4286
89,12319,-19.4223,31.4653,47.1832,1,34
89,12594,-19.7084,32.0115,47.6321,2,32
89,12595,-18.8904,31.7641,47.6324,1,31.6667
89,12611,-20.0463,32.6585,48.1539,1,30.2857
89,12612,-19.1164,32.3651,48.1842,1,30
90,12508,-12.4647,52.6953,46.7723,0,39.1667
90,12508,-12.4647,52.6953,46.7723,3,39.1667
90,12507,-13.0086,52.9906,46.0352,2,41.1667
90,12506,-13.5571,52.6562,46.6156,1,38.2857
90,12209,-13.7953,52.9543,45.8765,1,41.6
90,12509,-12.1143,53.0238,46.0588,1,42.1667
90,12216,-13.6207,53.2142,45.2232,1,44.3333
90,12217,-12.7884,53.2668,45.2846,1,44
90,12510,-11.4426,52.6973,46.7513,2,41
90,12511,-11.2197,53.0387,45.9621,1,43.1667
90,12512,-10.4809,52.7118,46.5411,1,42.6667
90,12747,-11.8083,52.3296,47.4452,1,37.3333
90,12748,-10.6971,52.2814,47.3573,1,39
90,12746,-12.8469,52.3326,47.4093,2,36
90,12745,-13.7798,52.2686,47.3289,1,34.8333
90,12976,-13.2669,51.8856,48.0479,1,34.8333
90,12978,-12.2952,51.9076,48.0887,1,35.8333
91,12509,-12.1143,53.0238,46.0588,0,42.1667
91,12509,-12.1143,53.0238,46.0588,3,42.1667
91,12508,-12.4647,52.6953,46.7723,2,39.1667
91,12507,-13.0086,52.9906,46.0352,1,41.1667
91,12506,-13.5571,52.6562,46.6156,1,38.2857
91,12510,-11.4426,52.6973,46.7513,1,41
91,12746,-12.8469,52.3326,47.4093,1,36
91,12747,-11.8083,52.3296,47.4452,1,37.3333
91,12511,-11.2197,53.0387,45.9621,2,43.1667
91,12512,-10.4809,52.7118,46.5411,1,42.6667
91,12513,-10.4096,53.0203,45.8391,1,44.4
91,12218,-11.8832,53.2933,45.2627,1,45
91,12219,-10.9026,53.2997,45.1128,1,45.7143
91,12217,-12.7884,53.2668,45.2846,2,44
91,11829,-13.6129,53.423,44.4494,1,46.8333
91,11830,-12.6987,53.475,44.4812,1,47.3333
91,12216,-13.6207,53.2142,45.2232,1,44.3333
92,12593,-20.4645,32.1177,47.492,0,31.6667
92,12593,-20.4645,32.1177,47.492,3,31.6667
92,12318,-20.1722,31.5082,47.0171,2,34.3333
92,12317,-21.0029,31.6534,46.9063,1,36.3333
92,12288,-20.6082,30.9859,46.4552,1,36.2857
92,12289,-19.5653,30.9456,46.6655,1,35.1667
92,12319,-19.4223,31.4653,47.1832,1,34
92,12594,-19.7084,32.0115,47.6321,1,32
92,12592,-21.0926,32.1544,47.3151,2,32.25
92,12316,-21.7645,32.2107,47.1325,1,34
92,12610,-21.0457,32.6538,47.7772,1,30.8571
92,12611,-20.0463,32.6585,48.1539,2,30.2857
92,12612,-19.1164,32.3651,48.1842,1,30
92,12826,-20.6753,33.1899,48.4047,1,29.3333
92,12827,-19.9401,33.3673,48.865,1,28
92,12828,-19.2205,32.8819,48.6805,1,28.3333
93,12609,-21.915,33.1178,47.8124,0,30.25
93,12609,-21.915,33.1178,47.8124,3,30.25
93,12349,-22.4027,32.6181,47.2185,2,32.2
93,12348,-23.1119,32.7243,46.9984,1,33.3333
93,12315,-22.6748,32.0321,46.6615,1,35
93,12316,-21.7645,32.2107,47.1325,1,34
93,12608,-22.7178,33.1856,47.5181,1,31
93,12610,-21.0457,32.6538,47.7772,2,30.8571
93,12592,-21.0926,32.1544,47.3151,1,32.25
93,12593,-20.4645,32.1177,47.492,1,31.6667
93,12611,-20.0463,32.6585,48.1539,1,30.2857
93,12825,-21.2841,33.18,48.1434,1,29.5
93,12826,-20.6753,33.1899,48.4047,1,29.3333
93,12620,-22.639,33.708,47.9362,2,30
93,12619,-23.3469,33.8278,47.6791,1,30.7143
93,12838,-23.0955,34.4452,48.2067,1,29.5714
93,12839,-22.1975,33.9885,48.3441,1,29
93,12840,-21.4316,33.7788,48.5514,2,28.4286
93,12841,-20.6736,33.7571,48.8869,1,27.8
93,13049,-21.8771,34.5858,48.8908,1,27.1667
93,13050,-21.0957,34.4185,49.1682,1,26.8571
94,12610,-21.0457,32.6538,47.7772,0,30.8571
94,12610,-21.0457,32.6538,47.7772,3,30.8571
94,12316,-21.7645,32.2107,47.1325,2,34
94,12287,-21.7213,31.3792,46.4816,1,37.5714
94,12317,-21.0029,31.6534,46.9063,1,36.3333
94,12315,-22.6748,32.0321,46.6615,1,35
94,12349,-22.4027,32.6181,47.2185,1,32.2
94,12592,-21.0926,32.1544,47.3151,1,32.25
94,12609,-21.915,33.1178,47.8124,1,30.25
94,12593,-20.4645,32.1177,47.492,2,31.6667
94,12318,-20.1722,31.5082,47.0171,1,34.3333
94,12594,-19.7084,32.0115,47.6321,1,32
94,12611,-20.0463,32.6585,48.1539,1,30.2857
94,12825,-21.2841,33.18,48.1434,2,29.5
94,12826,-20.6753,33.1899,48.4047,1,29.3333
94,12840,-21.4316,33.7788,48.5514,1,28.4286
95,12620,-22.639,33.708,47.9362,0,30
95,12620,-22.639,33.708,47.9362,3,30
95,12619,-23.3469,33.8278,47.6791,2,30.7143
95,12347,-23.8316,33.2624,47.0524,1,33.5714
95,12618,-23.9697,33.9773,47.4676,1,31.3333
95,12607,-23.2637,33.2455,47.3152,1,31.5
95,12608,-22.7178,33.1856,47.5181,1,31
95,12837,-23.8595,34.6236,47.9179,1,30.1667
95,12838,-23.0955,34.4452,48.2067,1,29.5714
95,12609,-21.915,33.1178,47.8124,2,30.25
95,12349,-22.4027,32.6181,47.2185,1,32.2
95,12316,-21.7645,32.2107,47.1325,1,34
95,12610,-21.0457,32.6538,47.7772,1,30.8571
95,12825,-21.2841,33.18,48.1434,1,29.5
95,12839,-22.1975,33.9885,48.3441,1,29
95,12840,-21.4316,33.7788,48.5514,1,28.4286
96,12746,-12.8469,52.3326,47.4093,0,36
96,12746,-12.8469,52.3326,47.4093,3,36
96,12506,-13.5571,52.6562,46.6156,2,38.2857
96,12209,-13.7953,52.9543,45.8765,1,41.6
96,12507,-13.0086,52.9906,46.0352,1,41.1667
96,12207,-14.6284,52.784,45.8135,1,42.8571
96,12505,-14.5238,52.4827,46.5667,1,38.5
96,12508,-12.4647,52.6953,46.7723,1,39.1667
96,12745,-13.7798,52.2686,47.3289,1,34.8333
96,12747,-11.8083,52.3296,47.4452,2,37.3333
96,12510,-11.4426,52.6973,46.7513,1,41
96,12748,-10.6971,52.2814,47.3573,1,39
96,12978,-12.2952,51.9076,48.0887,1,35.8333
96,12980,-11.2862,51.876,48.062,1,36.6667
96,12976,-13.2669,51.8856,48.0479,2,34.8333
96,12975,-13.8584,51.3606,48.5705,1,31
96,12974,-14.1557,51.8159,47.9517,1,32.6667
96,12977,-12.842,51.4054,48.6637,1,32.5
97,12838,-23.0955,34.4452,48.2067,0,29.5714
97,12838,-23.0955,34.4452,48.2067,3,29.5714
97,12620,-22.639,33.708,47.9362,2,30
97,12619,-23.3469,33.8278,47.6791,1,30.7143
97,12608,-22.7178,33.1856,47.5181,1,31
97,12609,-21.915,33.1178,47.8124,1,30.25
97,12839,-22.1975,33.9885,48.3441,1,29
97,12837,-23.8595,34.6236,47.9179,2,30.1667
97,12618,-23.9697,33.9773,47.4676,1,31.3333
97,12627,-24.4614,34.5772,47.5731,1,31.1667
97,12846,-24.5897,35.4079,47.9383,1,31.4286
97,12847,-23.8164,35.3428,48.3341,1,30.5714
97,12848,-23.0655,35.0896,48.6088,2,29
97,12849,-22.5233,34.6795,48.6426,1,28.2
97,12856,-23.2607,35.6893,48.8017,1,29.4
97,13059,-22.5356,35.4561,49.0396,1,27.1429
98,12847,-23.8164,35.3428,48.3341,0,30.5714
98,12847,-23.8164,35.3428,48.3341,3,30.5714
98,12837,-23.8595,34.6236,47.9179,2,30.1667
98,12619,-23.3469,33.8278,47.6791,1,30.7143
98,12618,-23.9697,33.9773,47.4676,1,31.3333
98,12838,-23.0955,34.4452,48.2067,1,29.5714
98,12627,-24.4614,34.5772,47.5731,1,31.1667
98,12846,-24.5897,35.4079,47.9383,1,31.4286
98,12848,-23.0655,35.0896,48.6088,2,29
98,12849,-22.5233,34.6795,48.6426,1,28.2
98,12856,-23.2607,35.6893,48.8017,1,29.4
98,13059,-22.5356,35.4561,49.0396,1,27.1429
98,12855,-23.7975,36.0652,48.6836,2,30.2
98,12854,-24.5509,36.2817,48.3426,1,31.2857
98,12863,-23.9901,36.6923,48.8026,1,30.2
98,13066,-23.1874,36.4645,49.1196,1,27.375
99,12855,-23.7975,36.0652,48.6836,0,30.2
99,12855,-23.7975,36.0652,48.6836,3,30.2
99,12847,-23.8164,35.3428,48.3341,2,30.5714
99,12837,-23.8595,34.6236,47.9179,1,30.1667
99,12846,-24.5897,35.4079,47.9383,1,31.4286
99,12848,-23.0655,35.0896,48.6088,1,29
99,12838,-23.0955,34.4452,48.2067,1,29.5714
99,12856,-23.2607,35.6893,48.8017,1,29.4
99,12854,-24.5509,36.2817,48.3426,1,31.2857
99,12863,-23.9901,36.6923,48.8026,2,30.2
99,12862,-24.5485,37.132,48.6309,1,30.8
99,13074,-23.8933,37.4824,49.0381,1,27.5714
99,13066,-23.1874,36.4645,49.1196,1,27.375
100,12863,-23.9901,36.6923,48.8026,0,30.2
100,12863,-23.9901,36.6923,48.8026,3,30.2
100,12854,-24.5509,36.2817,48.3426,2,31.2857
100,12846,-24.5897,35.4079,47.9383,1,31.4286
100,12853,-25.2651,36.279,47.9376,1,33.1667
100,12855,-23.7975,36.0652,48.6836,1,30.2
100,12847,-23.8164,35.3428,48.3341,1,30.5714
100,12862,-24.5485,37.132,48.6309,1,30.8
100,12861,-25.3075,37.317,48.2537,1,33.25
100,13074,-23.8933,37.4824,49.0381,2,27.5714
100,13066,-23.1874,36.4645,49.1196,1,27.375
100,13075,-23.2806,37.2823,49.301,1,25.75
100,13082,-24.0155,38.5074,49.1188,1,27.1667
100,12869,-24.646,37.9366,48.7476,1,30
100,13083,-23.2622,38.1043,49.4292,1,25.2857
101,12975,-13.8584,51.3606,48.5705,0,31
101,12975,-13.8584,51.3606,48.5705,3,31
101,12974,-14.1557,51.8159,47.9517,2,32.6667
101,12973,-14.8854,51.3072,48.3241,1,30.8571
101,12737,-14.8944,51.7663,47.752,1,33.8
101,12976,-13.2669,51.8856,48.0479,1,34.8333
101,12744,-14.5803,52.1462,47.2581,1,34.3333
101,12745,-13.7798,52.2686,47.3289,1,34.8333
101,12977,-12.842,51.4054,48.6637,2,32.5
101,12978,-12.2952,51.9076,48.0887,1,35.8333
101,12979,-11.8218,51.3954,48.6801,1,33.3333
101,13211,-13.4794,50.82,49.1378,1,29.5714
101,13213,-12.3703,50.8662,49.1852,1,30.8333
101,13209,-14.5694,50.7841,48.9407,2,28.6667
101,13197,-14.4078,50.2594,49.388,1,32.1667
101,13195,-15.4414,50.0103,49.236,1,29.4286
101,13208,-15.4946,50.6454,48.7575,1,28.1667
102,12976,-13.2669,51.8856,48.0479,0,34.8333
102,12976,-13.2669,51.8856,48.0479,3,34.8333
102,12975,-13.8584,51.3606,48.5705,2,31
102,12974,-14.1557,51.8159,47.9517,1,32.6667
102,12973,-14.8854,51.3072,48.3241,1,30.8571
102,12977,-12.842,51.4054,48.6637,1,32.5
102,13209,-14.5694,50.7841,48.9407,1,28.6667
102,13211,-13.4794,50.82,49.1378,1,29.5714
102,12978,-12.2952,51.9076,48.0887,2,35.8333
102,12979,-11.8218,51.3954,48.6801,1,33.3333
102,12980,-11.2862,51.876,48.062,1,36.6667
102,12746,-12.8469,52.3326,47.4093,1,36
102,12747,-11.8083,52.3296,47.4452,1,37.3333
102,12745,-13.7798,52.2686,47.3289,2,34.8333
102,12505,-14.5238,52.4827,46.5667,1,38.5
102,12506,-13.5571,52.6562,46.6156,1,38.2857
102,12744,-14.5803,52.1462,47.2581,1,34.3333
103,13074,-23.8933,37.4824,49.0381,0,27.5714
103,13074,-23.8933,37.4824,49.0381,3,27.5714
103,12863,-23.9901,36.6923,48.8026,2,30.2
103,12854,-24.5509,36.2817,48.3426,1,31.2857
103,12862,-24.5485,37.132,48.6309,1,30.8
103,12855,-23.7975,36.0652,48.6836,1,30.2
103,13066,-23.1874,36.4645,49.1196,1,27.375
103,13075,-23.2806,37.2823,49.301,2,25.75
103,13076,-22.6604,37.1293,49.5555,1,25.4286
103,13083,-23.2622,38.1043,49.4292,1,25.2857
103,13082,-24.0155,38.5074,49.1188,2,27.1667
103,12869,-24.646,37.9366,48.7476,1,30
103,13097,-24.048,39.5627,49.1372,1,26.5
103,12876,-24.7163,38.9143,48.8291,1,29.6667
103,13098,-23.3715,39.1555,49.4253,1,24.6667
104,13083,-23.2622,38.1043,49.4292,0,25.2857
104,13083,-23.2622,38.1043,49.4292,3,25.2857
104,13075,-23.2806,37.2823,49.301,2,25.75
104,13066,-23.1874,36.4645,49.1196,1,27.375
104,13074,-23.8933,37.4824,49.0381,1,27.5714
104,13076,-22.6604,37.1293,49.5555,1,25.4286
104,13082,-24.0155,38.5074,49.1188,2,27.1667
104,12869,-24.646,37.9366,48.7476,1,30
104,13097,-24.048,39.5627,49.1372,1,26.5
104,12876,-24.7163,38.9143,48.8291,1,29.6667
104,13098,-23.3715,39.1555,49.4253,1,24.6667
104,13084,-22.5309,37.9799,49.7574,2,23.8
104,13085,-22.0119,37.51,49.9372,1,23.4
104,13099,-22.6337,38.7736,49.747,1,22.6667
104,13292,-21.8047,38.3651,50.0871,1,21.1429
105,13099,-22.6337,38.7736,49.747,0,22.6667
105,13099,-22.6337,38.7736,49.747,3,22.6667
105,13083,-23.2622,38.1043,49.4292,2,25.2857
105,13075,-23.2806,37.2823,49.301,1,25.75
105,13074,-23.8933,37.4824,49.0381,1,27.5714
105,13082,-24.0155,38.5074,49.1188,1,27.1667
105,13084,-22.5309,37.9799,49.7574,1,23.8
105,13076,-22.6604,37.1293,49.5555,1,25.4286
105,13098,-23.3715,39.1555,49.4253,1,24.6667
105,13105,-22.6808,39.6593,49.6885,2,22.3333
105,13104,-23.2573,40.3098,49.3946,1,25.8571
105,13111,-22.5254,40.458,49.6441,1,24.4
105,13311,-21.9346,40.1564,49.8912,1,23
105,13304,-21.9398,39.338,49.9935,1,21.3333
105,13292,-21.8047,38.3651,50.0871,2,21.1429
105,13085,-22.0119,37.51,49.9372,1,23.4
105,13285,-21.222,37.3044,50.2663,1,22
105,13293,-21.0697,38.338,50.4216,1,20.3333
105,13305,-21.1948,39.2457,50.2859,1,20.3333
106,13121,-20.7785,41.6705,49.8543,0,25.8333
106,13121,-20.7785,41.6705,49.8543,3,25.8333
106,13120,-21.3106,42.3004,49.5732,2,27.5714
106,13119,-21.5398,41.4687,49.7188,1,25.2
106,13112,-22.3724,41.3575,49.5148,1,26.7143
106,13118,-22.2816,42.2811,49.3831,1,26.8333
106,13122,-20.2696,42.5122,49.7336,1,28.8333
106,13131,-21.3658,43.2,49.3979,1,26.5
106,13132,-20.4268,43.281,49.5328,1,29.3333
106,13123,-19.9677,41.7609,50.0375,2,26.5
106,13124,-19.4271,42.6336,49.8952,1,28.8333
106,13125,-19.2759,41.9453,50.1768,1,27.2
106,13317,-20.4543,40.9252,50.1688,1,22.6667
106,13319,-19.4759,41.0897,50.4635,1,22.75
106,13316,-21.2654,40.8522,49.9475,2,23.3333
106,13311,-21.9346,40.1564,49.8912,1,23
106,13113,-21.9507,40.8601,49.7538,1,25
106,13312,-21.1819,40.0969,50.1455,1,21.8333
107,13122,-20.2696,42.5122,49.7336,0,28.8333
107,13122,-20.2696,42.5122,49.7336,3,28.8333
107,13121,-20.7785,41.6705,49.8543,2,25.8333
107,13120,-21.3106,42.3004,49.5732,1,27.5714
107,13119,-21.5398,41.4687,49.7188,1,25.2
107,13123,-19.9677,41.7609,50.0375,1,26.5
107,13316,-21.2654,40.8522,49.9475,1,23.3333
107,13317,-20.4543,40.9252,50.1688,1,22.6667
107,13124,-19.4271,42.6336,49.8952,2,28.8333
107,13125,-19.2759,41.9453,50.1768,1,27.2
107,13133,-19.4766,43.395,49.693,1,28.6667
107,13134,-18.8256,42.5729,50.0962,1,28
107,13135,-18.5768,43.4014,49.9518,1,29
107,13132,-20.4268,43.281,49.5328,2,29.3333
107,13131,-21.3658,43.2,49.3979,1,26.5
107,13141,-20.4581,44.1534,49.3779,1,29.3333
107,13142,-19.545,44.2197,49.5227,1,32.6667
108,13133,-19.4766,43.395,49.693,0,28.6667
108,13133,-19.4766,43.395,49.693,3,28.6667
108,13124,-19.4271,42.6336,49.8952,2,28.8333
108,13123,-19.9677,41.7609,50.0375,1,26.5
108,13122,-20.2696,42.5122,49.7336,1,28.8333
108,13125,-19.2759,41.9453,50.1768,1,27.2
108,13134,-18.8256,42.5729,50.0962,1,28
108,13135,-18.5768,43.4014,49.9518,1,29
108,13132,-20.4268,43.281,49.5328,2,29.3333
108,13120,-21.3106,42.3004,49.5732,1,27.5714
108,13131,-21.3658,43.2,49.3979,1,26.5
108,13141,-20.4581,44.1534,49.3779,1,29.3333
108,13142,-19.545,44.2197,49.5227,1,32.6667
108,13143,-18.661,44.2319,49.7319,2,30.1667
108,13145,-17.863,44.1847,50.029,1,27.5
108,13153,-18.6662,45.121,49.5766,1,31.6667
108,13154,-17.8363,45.0523,49.8515,1,26.6667
109,13143,-18.661,44.2319,49.7319,0,30.1667
109,13143,-18.661,44.2319,49.7319,3,30.1667
109,13135,-18.5768,43.4014,49.9518,2,29
109,13134,-18.8256,42.5729,50.0962,1,28
109,13124,-19.4271,42.6336,49.8952,1,28.8333
109,13133,-19.4766,43.395,49.693,1,28.6667
109,13136,-18.2768,42.8203,50.2422,1,27.2
109,13144,-17.6669,43.392,50.3707,1,25.8571
109,13145,-17.863,44.1847,50.029,1,27.5
109,13142,-19.545,44.2197,49.5227,2,32.6667
109,13132,-20.4268,43.281,49.5328,1,29.3333
109,13141,-20.4581,44.1534,49.3779,1,29.3333
109,13152,-19.5403,45.1253,49.3764,1,30
109,13153,-18.6662,45.121,49.5766,1,31.6667
109,13154,-17.8363,45.0523,49.8515,2,26.6667
109,13155,-17.0713,44.9436,50.2137,1,26.8333
109,13163,-17.7907,45.9556,49.706,1,28
109,13164,-16.9678,45.7943,50.0613,1,26.3333
110,13154,-17.8363,45.0523,49.8515,0,26.6667
110,13154,-17.8363,45.0523,49.8515,3,26.6667
110,13145,-17.863,44.1847,50.029,2,27.5
110,13144,-17.6669,43.392,50.3707,1,25.8571
110,13135,-18.5768,43.4014,49.9518,1,29
110,13143,-18.661,44.2319,49.7319,1,30.1667
110,13146,-17.2112,44.1495,50.3614,1,25.8
110,13155,-17.0713,44.9436,50.2137,1,26.8333
110,13153,-18.6662,45.121,49.5766,2,31.6667
110,13142,-19.545,44.2197,49.5227,1,32.6667
110,13152,-19.5403,45.1253,49.3764,1,30
110,13162,-18.6167,46.0733,49.4299,1,29.5
110,13163,-17.7907,45.9556,49.706,1,28
110,13164,-16.9678,45.7943,50.0613,2,26.3333
110,13171,-16.9291,46.6757,49.8869,1,26
110,13342,-16.1238,46.4999,50.2526,1,26.8333
110,13339,-16.1769,45.5526,50.5192,1,26.5714
111,13163,-17.7907,45.9556,49.706,0,28
111,13163,-17.7907,45.9556,49.706,3,28
111,13154,-17.8363,45.0523,49.8515,2,26.6667
111,13145,-17.863,44.1847,50.029,1,27.5
111,13143,-18.661,44.2319,49.7319,1,30.1667
111,13153,-18.6662,45.121,49.5766,1,31.6667
111,13155,-17.0713,44.9436,50.2137,1,26.8333
111,13164,-16.9678,45.7943,50.0613,1,26.3333
111,13162,-18.6167,46.0733,49.4299,2,29.5
111,13152,-19.5403,45.1253,49.3764,1,30
111,13161,-19.5137,46.0615,49.2021,1,26.2857
111,13169,-18.4504,47.1132,49.2548,1,26.8571
111,13170,-17.6963,46.9263,49.5511,1,28.5
111,13171,-16.9291,46.6757,49.8869,2,26
111,13178,-16.8365,47.5449,49.7299,1,26.5
111,13350,-16.0689,47.3613,50.0509,1,25
111,13342,-16.1238,46.4999,50.2526,1,26.8333
112,13170,-17.6963,46.9263,49.5511,0,28.5
112,13170,-17.6963,46.9263,49.5511,3,28.5
112,13163,-17.7907,45.9556,49.706,2,28
112,13154,-17.8363,45.0523,49.8515,1,26.6667
112,13153,-18.6662,45.121,49.5766,1,31.6667
112,13162,-18.6167,46.0733,49.4299,1,29.5
112,13164,-16.9678,45.7943,50.0613,1,26.3333
112,13171,-16.9291,46.6757,49.8869,1,26
112,13169,-18.4504,47.1132,49.2548,2,26.8571
112,13161,-19.5137,46.0615,49.2021,1,26.2857
112,12937,-19.2747,46.9401,49.0385,1,28.6
112,13176,-18.0981,48.1434,49.0792,1,27.3333
112,12943,-18.9306,47.6804,48.9228,1,27.8333
112,13177,-17.3992,48.041,49.3701,1,27.5714
112,13178,-16.8365,47.5449,49.7299,2,26.5
112,13183,-16.6061,48.3333,49.6036,1,26
112,13360,-15.9983,48.128,49.8835,1,25.3333
112,13350,-16.0689,47.3613,50.0509,1,25
113,13177,-17.3992,48.041,49.3701,0,27.5714
113,13177,-17.3992,48.041,49.3701,3,27.5714
113,13170,-17.6963,46.9263,49.5511,2,28.5
113,13163,-17.7907,45.9556,49.706,1,28
113,13162,-18.6167,46.0733,49.4299,1,29.5
113,13169,-18.4504,47.1132,49.2548,1,26.8571
113,13171,-16.9291,46.6757,49.8869,1,26
113,13178,-16.8365,47.5449,49.7299,1,26.5
113,13176,-18.0981,48.1434,49.0792,2,27.3333
113,12943,-18.9306,47.6804,48.9228,1,27.8333
113,12947,-18.7485,48.3244,48.7626,1,28.4
113,12949,-18.1376,48.7992,48.8131,1,29.2
113,13182,-17.3142,49.0424,49.0261,1,28.5714
113,13183,-16.6061,48.3333,49.6036,2,26
113,13184,-16.4709,49.1405,49.3239,1,29.1429
113,13185,-16.0049,48.7778,49.6828,1,28.4
113,13360,-15.9983,48.128,49.8835,1,25.3333
114,13184,-16.4709,49.1405,49.3239,0,29.1429
114,13184,-16.4709,49.1405,49.3239,3,29.1429
114,13183,-16.6061,48.3333,49.6036,2,26
114,13177,-17.3992,48.041,49.3701,1,27.5714
114,13178,-16.8365,47.5449,49.7299,1,26.5
114,13185,-16.0049,48.7778,49.6828,1,28.4
114,13360,-15.9983,48.128,49.8835,1,25.3333
114,13182,-17.3142,49.0424,49.0261,2,28.5714
114,13176,-18.0981,48.1434,49.0792,1,27.3333
114,12949,-18.1376,48.7992,48.8131,1,29.2
114,13192,-17.267,49.7799,48.638,1,28
114,12955,-17.9804,49.3872,48.5556,1,29.3333
114,13193,-16.4252,49.931,48.9073,1,28
114,13194,-15.6203,49.3374,49.5724,2,29
114,13195,-15.4414,50.0103,49.236,1,29.4286
114,13196,-14.8854,49.5561,49.6768,1,28.6667
114,13373,-15.2896,48.8207,49.881,1,26.1667
115,13195,-15.4414,50.0103,49.236,0,29.4286
115,13195,-15.4414,50.0103,49.236,3,29.4286
115,13194,-15.6203,49.3374,49.5724,2,29
115,13184,-16.4709,49.1405,49.3239,1,29.1429
115,13185,-16.0049,48.7778,49.6828,1,28.4
115,13196,-14.8854,49.5561,49.6768,1,28.6667
115,13373,-15.2896,48.8207,49.881,1,26.1667
115,13193,-16.4252,49.931,48.9073,2,28
115,13182,-17.3142,49.0424,49.0261,1,28.5714
115,13192,-17.267,49.7799,48.638,1,28
115,12962,-17.0255,50.3784,48.2629,1,30.4286
115,12964,-16.2231,50.5846,48.519,1,29.2
115,13208,-15.4946,50.6454,48.7575,1,28.1667
115,13197,-14.4078,50.2594,49.388,2,32.1667
115,13198,-14.178,49.7113,49.7683,1,28.4
115,13209,-14.5694,50.7841,48.9407,1,28.6667
115,13210,-13.6563,50.2045,49.5795,1,29.8
115,13211,-13.4794,50.82,49.1378,1,29.5714
116,13209,-14.5694,50.7841,48.9407,0,28.6667
116,13209,-14.5694,50.7841,48.9407,3,28.6667
116,13197,-14.4078,50.2594,49.388,2,32.1667
116,13196,-14.8854,49.5561,49.6768,1,28.6667
116,13195,-15.4414,50.0103,49.236,1,29.4286
116,13198,-14.178,49.7113,49.7683,1,28.4
116,13210,-13.6563,50.2045,49.5795,1,29.8
116,13211,-13.4794,50.82,49.1378,1,29.5714
116,13208,-15.4946,50.6454,48.7575,2,28.1667
116,13193,-16.4252,49.931,48.9073,1,28
116,12964,-16.2231,50.5846,48.519,1,29.2
116,12972,-15.7656,51.1139,48.1715,1,30.5
116,12973,-14.8854,51.3072,48.3241,1,30.8571
116,12975,-13.8584,51.3606,48.5705,2,31
116,12974,-14.1557,51.8159,47.9517,1,32.6667
116,12976,-13.2669,51.8856,48.0479,1,34.8333
116,12977,-12.842,51.4054,48.6637,1,32.5
117,13304,-21.9398,39.338,49.9935,0,21.3333
117,13304,-21.9398,39.338,49.9935,3,21.3333
117,13292,-21.8047,38.3651,50.0871,2,21.1429
117,13085,-22.0119,37.51,49.9372,1,23.4
117,13084,-22.5309,37.9799,49.7574,1,23.8
117,13285,-21.222,37.3044,50.2663,1,22
117,13293,-21.0697,38.338,50.4216,1,20.3333
117,13099,-22.6337,38.7736,49.747,1,22.6667
117,13305,-21.1948,39.2457,50.2859,1,20.3333
117,13311,-21.9346,40.1564,49.8912,2,23
117,13105,-22.6808,39.6593,49.6885,1,22.3333
117,13312,-21.1819,40.0969,50.1455,1,21.8333
117,13111,-22.5254,40.458,49.6441,1,24.4
117,13113,-21.9507,40.8601,49.7538,1,25
117,13316,-21.2654,40.8522,49.9475,1,23.3333
118,13311,-21.9346,40.1564,49.8912,0,23
118,13311,-21.9346,40.1564,49.8912,3,23
118,13304,-21.9398,39.338,49.9935,2,21.3333
118,13292,-21.8047,38.3651,50.0871,1,21.1429
118,13099,-22.6337,38.7736,49.747,1,22.6667
118,13305,-21.1948,39.2457,50.2859,1,20.3333
118,13105,-22.6808,39.6593,49.6885,1,22.3333
118,13312,-21.1819,40.0969,50.1455,1,21.8333
118,13111,-22.5254,40.458,49.6441,2,24.4
118,13104,-23.2573,40.3098,49.3946,1,25.8571
118,13112,-22.3724,41.3575,49.5148,1,26.7143
118,13113,-21.9507,40.8601,49.7538,1,25
118,13316,-21.2654,40.8522,49.9475,2,23.3333
118,13317,-20.4543,40.9252,50.1688,1,22.6667
118,13119,-21.5398,41.4687,49.7188,1,25.2
118,13121,-20.7785,41.6705,49.8543,1,25.8333
119,13316,-21.2654,40.8522,49.9475,0,23.3333
119,13316,-21.2654,40.8522,49.9475,3,23.3333
119,13311,-21.9346,40.1564,49.8912,2,23
119,13304,-21.9398,39.338,49.9935,1,21.3333
119,13105,-22.6808,39.6593,49.6885,1,22.3333
119,13312,-21.1819,40.0969,50.1455,1,21.8333
119,13111,-22.5254,40.458,49.6441,1,24.4
119,13113,-21.9507,40.8601,49.7538,1,25
119,13317,-20.4543,40.9252,50.1688,2,22.6667
119,13313,-20.3531,40.1161,50.4445,1,21.2857
119,13319,-19.4759,41.0897,50.4635,1,22.75
119,13121,-20.7785,41.6705,49.8543,1,25.8333
119,13123,-19.9677,41.7609,50.0375,1,26.5
119,13119,-21.5398,41.4687,49.7188,2,25.2
119,13112,-22.3724,41.3575,49.5148,1,26.7143
119,13120,-21.3106,42.3004,49.5732,1,27.5714
